probe_id,gene,log2fc,pvalue,qvalue
ILMN_1804461,MYH14,-2.408254930032405,1.2489452771831459e-12,7.308817810320572e-11
ILMN_1655637,UPK1A,-2.375721724567777,1.2659177073095674e-18,3.475594811928333e-16
ILMN_1801216,S100P,-2.3020589618133105,2.503569489557057e-11,1.0476832036284567e-09
ILMN_1685934,UPK2,-2.2813128790301027,2.306450618455791e-22,1.7830684162730466e-19
ILMN_1796337,CXCL17,-2.2044972350185956,1.364966896472795e-24,3.084510193667792e-21
ILMN_1791826,RAB25,-2.1517062680712042,1.0164057251199802e-22,9.631919673177309e-20
ILMN_1782389,LAD1,-2.1496408683159283,3.2824696395118046e-08,5.791538174170467e-07
ILMN_1769201,ELF3,-2.1430144981816603,3.781769956963814e-11,1.5218774798044651e-09
ILMN_2376050,FXYD3,-2.088067501776381,3.3994756376822593e-19,1.09743292096914e-16
ILMN_1739001,TACSTD2,-2.0642341892464726,9.567348324614039e-09,1.964081004417796e-07
ILMN_1771538,PSCA,-2.027012521103112,6.404301967076996e-10,1.786696855525365e-08
ILMN_1733811,JUP,-1.9632545313239218,1.9517016151231428e-10,6.321404448453425e-09
ILMN_1751607,FOSB,-1.9524910080544045,7.378336275982494e-10,2.031428161007851e-08
ILMN_2173291,CYP4B1,-1.9149354337353746,1.15134997357693e-14,1.1909580342876575e-12
ILMN_1807169,TINAGL1,-1.887991373769422,2.3339902648481824e-10,7.36472953925296e-09
ILMN_1730777,KRT19,-1.8743446983647924,2.145985292591438e-06,2.2515217835878097e-05
ILMN_1665372,FXYD3,-1.829865921378202,1.554175114432532e-14,1.54246629515826e-12
ILMN_1810172,SFRP4,-1.8293089601536394,1.5433246601604576e-09,3.908469701856359e-08
ILMN_1727288,EVPL,-1.8253299863061896,2.268735201765086e-07,3.1381677092415534e-06
ILMN_2264177,UPK3B,-1.806617459419182,2.565975957154783e-16,4.211210932588607e-14
ILMN_2405254,GRB7,-1.7463181039838584,2.1285808275639263e-16,3.609471815553089e-14
ILMN_2355168,MGST1,-1.7323456437533196,8.279311949857596e-11,2.9953367875734802e-09
ILMN_1716591,SPRR1A,-1.7164742694205426,1.843732397827735e-09,4.563043525778043e-08
ILMN_1661178,NR4A1,-1.7008921857882884,4.031008274375119e-09,9.158463269630153e-08
ILMN_1766650,FOXA1,-1.6974717259562953,4.830100321128305e-20,1.917484555861976e-17
ILMN_1748323,CXCL14,-1.6634291935525587,1.2120437471415387e-20,5.236207229378968e-18
ILMN_1740762,GRB7,-1.661896906253256,6.018914658520253e-17,1.1709778537970165e-14
ILMN_1787266,SPINK1,-1.661504416228821,1.4751236545453478e-11,6.590152623353005e-10
ILMN_1794729,KRT20,-1.6611773581106641,1.75631453757195e-14,1.714127979078112e-12
ILMN_3245893,SNORA1,-1.649373607499606,2.053733159963489e-28,2.0110839680082472e-24
ILMN_1749180,RBM35A,-1.6471178461246732,8.587406154090634e-09,1.775314782468125e-07
ILMN_1789846,ITGB6,-1.6403051638558281,5.2967474846185715e-09,1.1577570748187483e-07
ILMN_1721218,KRT13,-1.6123097478103512,4.4513757476503223e-07,5.636554540462221e-06
ILMN_3236149,SNORD58A,-1.611498481878904,1.3855200768997421e-37,4.070242329908372e-33
ILMN_1660086,MYH11,-1.5950420084942483,1.075631616911937e-06,1.2314431024950108e-05
ILMN_2397602,ERBB3,-1.5932132713011988,2.8817334605103753e-07,3.877997428740875e-06
ILMN_1682599,GPRC5A,-1.5819110049063676,1.164271334133679e-09,3.0321630303940687e-08
ILMN_2060145,GRHL2,-1.5721648731840725,6.769314915841059e-08,1.0903925168747406e-06
ILMN_1721283,HSPB6,-1.5710683897887687,5.878952101422953e-07,7.175154793664399e-06
ILMN_1763196,WDR72,-1.5662364010205954,5.014830804193101e-08,8.346780993471996e-07
ILMN_3307841,AGR2,-1.5457659077304813,2.8733661247342934e-12,1.5347432117512607e-10
ILMN_1763127,CCBP2,-1.5333128857931078,1.664779897363216e-09,4.176450815101554e-08
ILMN_1659749,DSP,-1.5095112430514162,2.919213227984411e-13,2.0664512529758566e-11
ILMN_1740917,SCNN1B,-1.4712980566256357,1.7093545852696718e-14,1.6738569883822382e-12
ILMN_2375992,SPINT1,-1.4596051317366054,2.5038821996820905e-10,7.833498123542147e-09
ILMN_2412336,AKR1C2,-1.4582229664019657,2.2438870550300596e-05,0.00017868980757825446
ILMN_1740586,PLA2G2A,-1.4552960040072929,1.992562654039192e-06,2.110148272808556e-05
ILMN_1690034,SOD3,-1.4498981601456622,3.7908907688157217e-10,1.128318116671727e-08
ILMN_1741755,TRIM29,-1.4489843485006277,1.267481705081815e-14,1.2928753489648778e-12
ILMN_2342033,F11R,-1.4431595663384087,1.705075988288031e-15,2.3189822827748834e-13
ILMN_2160209,TACSTD1,-1.4411142837620492,1.2427292487548715e-21,6.7606772482725665e-19
ILMN_1752932,MPZL2,-1.4372249895285192,2.6629523516171628e-18,7.047707318329495e-16
ILMN_1805519,CD24,-1.4330589303532877,1.2447534569702997e-19,4.4056773861947587e-17
ILMN_1803312,DIMT1L,-1.427072410276292,1.9018101238948852e-17,4.0632924527088586e-15
ILMN_1663640,MAOA,-1.4202118986786845,7.749945969160478e-07,9.175866185163877e-06
ILMN_1774982,CDC42EP5,-1.4162889682851398,7.529226786593851e-16,1.1059304765488377e-13
ILMN_1733042,BCAS1,-1.4114539131355137,5.021723304963488e-19,1.505338423774616e-16
ILMN_2353276,UPK3B,-1.4039977212794854,9.998211977645783e-11,3.5473124790736736e-09
ILMN_1723123,FGFR3,-1.4008239011788426,8.151752188403001e-08,1.2847318886197154e-06
ILMN_1699887,ST14,-1.3919575166281621,1.8637695491683452e-10,6.076798895218477e-09
ILMN_1765547,IRF2,-1.3868778224990415,5.223768527844604e-14,4.500253608284191e-12
ILMN_1745623,EFCAB4A,-1.3853582297054077,8.069054271774678e-12,3.824288399467047e-10
ILMN_2160210,TACSTD1,-1.3821910160989104,8.895422425819995e-17,1.6365002091545836e-14
ILMN_1814270,LY6D,-1.378640111007062,0.00033149196149162075,0.0018256916671802294
ILMN_1803788,LGALS3,-1.3750942937760167,1.401991202352256e-23,1.8721043432501013e-20
ILMN_1752813,UGT1A6,-1.3716012937558082,2.1679374418042e-05,0.0001732993149058013
ILMN_1802192,C10orf99,-1.3687686700792314,1.2317346642287254e-10,4.2173274162059744e-09
ILMN_1713995,SCNN1A,-1.366016415552778,9.828584085821696e-06,8.675910898112499e-05
ILMN_1680424,CTSG,-1.363997446618873,2.584253375688432e-07,3.5195925552897106e-06
ILMN_1770085,BTG2,-1.3518230546140462,4.178134808820442e-22,2.7275792506381807e-19
ILMN_2188862,GDF15,-1.3492120149380975,2.6174019332120396e-14,2.4803682771603252e-12
ILMN_2060413,CD24,-1.3491577307682476,4.864950267173189e-08,8.120320681746977e-07
ILMN_1706483,C1orf116,-1.348257630832311,7.225680206888845e-11,2.6600101182678395e-09
ILMN_2334210,ITGB4,-1.3470189265271948,2.8614770874885424e-06,2.8986762896258936e-05
ILMN_2249018,LOC389816,-1.3463066660532252,2.366037746094974e-06,2.4526143566348644e-05
ILMN_1806710,ESPN,-1.3338977308513886,1.3390985059417377e-05,0.00011386019336917635
ILMN_1663681,SNORD54,-1.3290144175409484,4.484812778704983e-29,6.587517250000814e-25
ILMN_2410145,NR4A1,-1.3216687398043288,2.5280963293349153e-08,4.5986307038310713e-07
ILMN_2345319,PREPL,-1.3209005301268055,2.5249951516318352e-15,3.2250775030212355e-13
ILMN_2133205,GPX2,-1.3168229828884899,5.996334714871808e-20,2.3178200647209093e-17
ILMN_2255133,BCL11A,-1.3104921820511093,2.1990410017058707e-11,9.335437501027944e-10
ILMN_1761000,ACER2,-1.3065157084267263,2.881113219729291e-10,8.871956295176873e-09
ILMN_2082762,SNORD68,-1.3053349606625382,8.185355662143893e-18,1.9392031716677512e-15
ILMN_1811593,NIPAL1,-1.2956255277841606,2.405230019548947e-21,1.2182490049015417e-18
ILMN_2387471,FLJ22184,-1.2940071300828766,1.4400814322140426e-09,3.6723326592145773e-08
ILMN_2199389,VIPR1,-1.287829296811993,1.9623975772729762e-05,0.00015885740872843268
ILMN_2372403,ALDH5A1,-1.2849756523414877,4.527154519918111e-19,1.4152103432726469e-16
ILMN_1764508,PTK6,-1.281729015345828,1.1773360435680756e-08,2.343265647147653e-07
ILMN_1658498,SLC44A3,-1.2813705893432878,3.086507399647784e-13,2.1538186731695226e-11
ILMN_2384857,DHRS2,-1.2813655331404608,1.9943918222937926e-16,3.406351660670043e-14
ILMN_1806787,CSDC2,-1.2785682423091087,4.6080124894682775e-11,1.797736824742491e-09
ILMN_1712522,CEACAM6,-1.2646982370392266,1.581248524180369e-08,3.026210937775029e-07
ILMN_2273609,KIAA1543,-1.2608507473298642,1.3274851157830943e-07,1.9725609633970644e-06
ILMN_1656979,ABO,-1.255017952907611,1.56862030108471e-13,1.1907327799732694e-11
ILMN_1774077,GBP2,-1.2540003421190855,2.1887581328298426e-10,6.991426333789728e-09
ILMN_1776519,RAP1GAP,-1.2512257543127285,1.978191933135507e-09,4.846817716407155e-08
ILMN_2075800,PTK6,-1.2505073796855077,4.528364784274392e-19,1.4152103432726469e-16
ILMN_1778253,SRC,-1.2503441584032782,1.2547842550229582e-14,1.28438317281566e-12
ILMN_1716815,CEACAM1,-1.241943755117659,9.41643559958833e-13,5.668578455104639e-11
ILMN_3248811,SNORA27,-1.235686275545767,6.668677151998031e-20,2.448821608678077e-17
ILMN_1810835,SPRR3,-1.2318118825553332,4.7347260607205136e-11,1.8422787746461793e-09
ILMN_1753143,RHPN2,-1.229390006951185,5.503437813216375e-24,9.510264272873967e-21
ILMN_1666845,KRT17,-1.2284035839952585,0.0008480947883836998,0.004063026842522496
ILMN_3248232,SNORA2A,-1.2280521848479324,4.698366057101144e-20,1.8907383514994563e-17
ILMN_2355831,FHL2,-1.2202928617642206,1.954156140401662e-12,1.077059004438642e-10
ILMN_1810054,CNN1,-1.2200111707305892,8.935494292140435e-05,0.0005896181846815129
ILMN_2169801,TPSAB1,-1.2200017718388585,7.518459317745547e-13,4.5940749249726975e-11
ILMN_1680054,LAMB3,-1.2196352391914838,6.503636042283374e-05,0.00044838609719351956
ILMN_1702775,LRP5,-1.2152990423381125,3.694420356964304e-15,4.466295754178615e-13
ILMN_1780170,APOD,-1.2145187542137483,3.1919271781795303e-07,4.23337447915937e-06
ILMN_1798582,GRB7,-1.2139211951428166,1.7067511657583993e-07,2.452995547773214e-06
ILMN_1749044,PVRL4,-1.212981137653613,1.5997652674101078e-10,5.2983432086478845e-09
ILMN_1666536,VSIG2,-1.211529535896255,5.63284334284901e-09,1.2226691482201945e-07
ILMN_1705861,AP1M2,-1.211502081259483,5.3744200964416e-07,6.647761649396417e-06
ILMN_1809208,KIAA1543,-1.204140872368419,4.40983557720278e-09,9.904261448890371e-08
ILMN_1717793,C19orf33,-1.2019453494154346,1.1352424098138644e-06,1.290136026038758e-05
ILMN_3310416,SNORD114-3,-1.201445727134005,1.924671985138154e-08,3.6267536181785475e-07
ILMN_3238435,SNORA12,-1.2012575578244817,1.463486061770547e-17,3.2395764737853206e-15
ILMN_1680192,APOBEC3A,-1.2007746707744014,2.0352857901953486e-07,2.8649061168456523e-06
ILMN_1811997,ZNF364,-1.1977863355694636,3.022966284251719e-17,6.0825808583878596e-15
ILMN_3237309,SNORD2,-1.193602360280356,1.1989585472257173e-23,1.8351014209398698e-20
ILMN_1670064,C1orf210,-1.1928188809132907,1.6660772294830756e-15,2.2764814311871774e-13
ILMN_1798577,SLC6A11,-1.1926489428242935,4.75793082049256e-07,5.960500371582513e-06
ILMN_1761946,PROM2,-1.1740620653748328,1.021780567585953e-17,2.3268874212381814e-15
ILMN_3236408,SCARNA5,-1.1712667730919444,3.747367375159714e-12,1.9588329427058171e-10
ILMN_1682316,TRIM33,-1.169361458740318,1.2750362391186933e-10,4.345982854554148e-09
ILMN_1677505,CCL21,-1.1691193261509492,7.996586671424832e-05,0.000535237472422983
ILMN_1720390,LOC653602,-1.1623667916568605,9.512093656432862e-12,4.42847504508761e-10
ILMN_1692342,CDC42BPG,-1.1562601874791545,1.3036468795594637e-07,1.940916097035595e-06
ILMN_2153495,WNT7B,-1.1553541829132934,1.2147029286961708e-16,2.1626865415943883e-14
ILMN_2368834,MYH11,-1.1457681261865122,3.043825544847766e-05,0.00023207491053982046
ILMN_1680273,MYOCD,-1.14248556651948,1.6193363359975362e-13,1.226062977902052e-11
ILMN_1755383,LRRC1,-1.1378801315125298,2.7681761396758548e-11,1.1405429236361512e-09
ILMN_1712231,SH3YL1,-1.1368548564148862,2.599614824258706e-15,3.2917622712175867e-13
ILMN_2113957,PEX13,-1.1366300493827772,4.556533469936274e-24,8.366080234144869e-21
ILMN_1725726,DHRS2,-1.1331787902018853,7.600010169168427e-12,3.6362459078120664e-10
ILMN_1758888,PADI3,-1.1304638439383057,8.589217252791256e-07,1.0076894378404502e-05
ILMN_1656285,METTL7A,-1.126798490841873,4.545607212486206e-17,8.962167992027334e-15
ILMN_1733415,MFAP5,-1.1262240502058463,5.975215314894641e-10,1.6813591983300755e-08
ILMN_1653161,SNCG,-1.1224793250070908,3.0480485088338204e-05,0.00023227631918031424
ILMN_2154566,RPL10A,-1.1223670699977397,4.3690254824258457e-14,3.8313093014096734e-12
ILMN_1651286,GRHL1,-1.121044273564194,3.427750607630932e-07,4.511515663099189e-06
ILMN_2384237,STAP2,-1.12018014021902,3.484917148908593e-08,6.086588054904146e-07
ILMN_1787378,ADD3,-1.1188770760774096,4.418395033020308e-11,1.7329665004677915e-09
ILMN_2371055,EFNA1,-1.1154297870603287,3.6960603916716774e-07,4.810773864693791e-06
ILMN_1766914,MFAP4,-1.1078060307790034,4.9695403371513536e-05,0.00035590001580813093
ILMN_1761858,MID1,-1.1069638358726896,1.1812892934770885e-19,4.2320409237166374e-17
ILMN_1733390,LARP1B,-1.105875134604216,5.358254707573785e-07,6.633352235330598e-06
ILMN_2327860,MAL,-1.1046082289425998,3.3572894266262194e-14,3.0724950618691105e-12
ILMN_2377174,SYPL1,-1.1037190930580962,3.048182724938761e-22,2.2386615977631497e-19
ILMN_1755004,SNORD27,-1.1036294569195633,8.17448123621086e-19,2.3314731580210336e-16
ILMN_1791890,SPON1,-1.1022594010107287,7.711052151492292e-10,2.1052748982749912e-08
ILMN_3244449,SNORD9,-1.1010111874942528,4.684387899448124e-26,1.720165791526094e-22
ILMN_1659215,CYP4B1,-1.0997585889536499,5.152008106574968e-15,6.078335025978026e-13
ILMN_1723962,LXN,-1.09781529845303,1.5199491780719466e-12,8.636662863485411e-11
ILMN_1769810,ARL6IP5,-1.0969579243919547,3.461023061337314e-13,2.3700343699978152e-11
ILMN_2320330,MAL,-1.0937014267872653,1.0336772356921338e-07,1.5790669890916437e-06
ILMN_2386973,PKP2,-1.0923677818356978,5.894529297388992e-09,1.2704591868627764e-07
ILMN_2201580,GSTM2,-1.0922347466450857,7.4884910021136e-09,1.574727273937661e-07
ILMN_1787691,CITED4,-1.0894719521221186,2.2993749656470617e-06,2.391105782860663e-05
ILMN_1677636,COMP,-1.0883544009695916,2.7470656258194945e-05,0.00021253765312009295
ILMN_2402936,LOC440926,-1.0843877014415906,1.34743019053416e-19,4.712316274681193e-17
ILMN_2387078,MPZL2,-1.083965004937462,3.392540457628305e-08,5.957122595561669e-07
ILMN_1746801,CGN,-1.0808410118009313,2.0498179930817876e-08,3.8306299734582493e-07
ILMN_1713124,AKR1C3,-1.0782564539876622,0.0002526955650880168,0.0014490411117686255
ILMN_1748093,PAFAH1B3,-1.0777231844907913,1.0720089861084781e-07,1.6308859650392936e-06
ILMN_1672589,SEMA4B,-1.0777041419820357,2.597320135868796e-11,1.083827750446273e-09
ILMN_3240002,SNORD12B,-1.0744095879400284,9.913569535402784e-15,1.059021571787373e-12
ILMN_1749792,SORBS1,-1.073905582140739,5.190856372389909e-07,6.44785571465955e-06
ILMN_2385672,ELN,-1.0721787539848258,5.429189015774589e-07,6.692962052723881e-06
ILMN_1655614,DSP,-1.0672241372155389,9.474888486427054e-06,8.395238768478849e-05
ILMN_2408566,NR4A1,-1.0667301607206445,1.1371943673176539e-07,1.7149568238547596e-06
ILMN_2413323,GRP,-1.0653833156916823,1.6894125094258456e-06,1.8212796803450668e-05
ILMN_1669928,ARHGEF16,-1.0648414623300049,3.800523872712879e-08,6.571394338357048e-07
ILMN_1808789,MYO5C,-1.0636299943969476,1.9823313599414402e-10,6.4064849682067866e-09
ILMN_1701581,LAD1,-1.0625926188931274,1.0871139039672954e-06,1.2421682285821562e-05
ILMN_1700583,ZNF750,-1.060251692401029,5.28377510686149e-07,6.554960359555321e-06
ILMN_1660306,ITGA8,-1.0601664475032475,1.3811398086324147e-11,6.238548691134907e-10
ILMN_1724799,PLA2G2F,-1.059144449367163,1.377274467672256e-13,1.0564018808566021e-11
ILMN_1801098,TSLP,-1.0552566045622775,6.309898509405367e-09,1.3520487856367722e-07
ILMN_2354515,NDUFAF3,-1.051835537651316,6.688388430639401e-12,3.269297619415868e-10
ILMN_1690524,VAMP7,-1.0514677909536765,3.5713072382746175e-14,3.2234233752610566e-12
ILMN_1662961,GRHL3,-1.0507122354414191,7.968955100243665e-11,2.890172765183434e-09
ILMN_1661804,CTF1,-1.0484151771767598,2.0815574856269818e-10,6.690362609985104e-09
ILMN_3245228,SNORA20,-1.0481973428120153,3.356377790214261e-09,7.788334150325779e-08
ILMN_1774427,CALCOCO1,-1.0477419103448362,2.2711963462293214e-14,2.1662641254278823e-12
ILMN_1808633,C20orf96,-1.047360528829011,9.378599542985171e-12,4.3732558535599264e-10
ILMN_2392261,FABP6,-1.0471763113593413,3.33310312451428e-08,5.866780736300539e-07
ILMN_1705247,ACSL5,-1.046161778957746,4.7617228609364017e-07,5.962199717331696e-06
ILMN_2312296,PCBP2,-1.0445561265899563,7.701661371528892e-12,3.672917307003316e-10
ILMN_1757631,DBNDD1,-1.042445476196943,6.977406975519534e-06,6.389503887775479e-05
ILMN_1810836,PDE5A,-1.0418058735421605,3.5121949586922427e-07,4.6040942124722e-06
ILMN_1722713,FBLN1,-1.0416863570893318,1.28044331604269e-07,1.911052281700012e-06
ILMN_1815203,HMGCS2,-1.0400883525894606,1.504542192525325e-12,8.565685269344278e-11
ILMN_2111932,SERINC2,-1.0397200404067597,5.8570995543056856e-05,0.00040941444442379706
ILMN_3308753,SNORD114-1,-1.0348287946914523,2.6456174316035863e-06,2.694878754792599e-05
ILMN_3247494,SNORA36B,-1.0342067309131489,2.781447270704867e-10,8.5948670841408e-09
ILMN_2105441,IGJ,-1.0328097030801864,3.1851652575691416e-08,5.633389510632671e-07
ILMN_1721559,FABP6,-1.0316218345479449,4.111707219359005e-08,7.034922713052387e-07
ILMN_1794863,CAMK2N1,-1.0309820749607814,3.059445959494753e-11,1.251773592647317e-09
ILMN_1801697,C19orf46,-1.0283055380065935,9.354393329802238e-11,3.3229022109987953e-09
ILMN_3242525,SNORD45A,-1.0268637736959114,1.9541887022170405e-22,1.5946722640286111e-19
ILMN_1766712,TCF21,-1.0253259932175158,9.238965312890633e-05,0.0006063741822984542
ILMN_1669718,PSENEN,-1.0222891796609375,1.9064264240139167e-23,2.333545377427368e-20
ILMN_2382687,NR4A3,-1.021684767340913,1.530207743169804e-06,1.673347431012335e-05
ILMN_1734878,CD79A,-1.0210515336740666,9.535699861321043e-05,0.0006234815375607129
ILMN_1727605,FRK,-1.019761651844317,1.0751327442727879e-13,8.513254616846817e-12
ILMN_1781803,FIZ1,-1.0183642651805034,8.993193048515316e-15,9.784927118008684e-13
ILMN_1731206,NKD2,-1.0177526766504572,0.000935382448259495,0.004416074041682161
ILMN_2195236,PGRMC2,-1.017540879529041,8.463002966659903e-11,3.0542707389627515e-09
ILMN_1680110,C10orf116,-1.0167581950559352,9.810945341681798e-07,1.1351561295887599e-05
ILMN_1742044,GNAI1,-1.014935428018851,2.087794186177744e-15,2.7503645653517307e-13
ILMN_1710170,PPAP2C,-1.0148519146685775,2.4323638541104232e-17,4.996891814139993e-15
ILMN_2371825,AGL,-1.0143978312616344,5.728394287766387e-13,3.676470200110567e-11
ILMN_1770612,KRT15,-1.0143434037155856,0.00013150991782180568,0.0008240970255655259
ILMN_1668760,HAS3,-1.0136599396660877,8.587437252142169e-06,7.67954776731143e-05
ILMN_2042941,TMEM159,-1.0131477119070889,6.13570561589078e-13,3.879435554423797e-11
ILMN_1669390,PPP1R13L,-1.0123551403069806,1.4358187366681931e-07,2.1142880715339105e-06
ILMN_3246391,SNORD52,-1.011429671190328,8.054022195840594e-17,1.516685961841084e-14
ILMN_1710523,ATP8B1,-1.0108202109787632,9.79085620537268e-08,1.507473704115478e-06
ILMN_2335557,ITIH5,-1.0103951924949595,2.0220441207540133e-07,2.8489971287957145e-06
ILMN_1791545,KRT23,-1.0092116773490973,1.2063859894165167e-09,3.12797892419144e-08
ILMN_1676159,MST4,-1.009201734591831,6.568712967966935e-12,3.216151347666077e-10
ILMN_1669046,FOXQ1,-1.0088570603600893,3.4889548314850874e-06,3.463840016375039e-05
ILMN_3307863,TAOK3,-1.007569352384527,1.1722704731472528e-09,3.050291380836744e-08
ILMN_2400874,SCYL1,-1.0045546385091457,6.182252667303326e-20,2.3284107257355103e-17
ILMN_1654016,MRLC2,-1.0016213679997579,5.4319428201864e-07,6.693547996166773e-06
ILMN_3248032,NCCRP1,-1.0013187337077998,1.829734487687863e-12,1.0199641374726065e-10
ILMN_1744211,PLA2G4F,-1.0012583083664603,7.54895074182992e-10,2.066780297695597e-08
ILMN_2374352,DBNDD1,-1.0006815269137448,1.030885241750721e-15,1.4845252817113201e-13
ILMN_1770505,BIK,-1.0001975873867313,4.810531494790725e-09,1.0673639253962774e-07
