context,refit_context,rule,pathway,overlap_k,pathway_size_K,de_set_size_n,universe_N,pvalue,overlap_genes,qvalue_BH
PSCC,PSCC,q<0.05 & logFC>0.5,Cell_Cycle,1,155,3544,30818,0.999999994318712,CDC14A,1.0
PSCC,PSCC,q<0.05 & logFC>0.5,Apoptosis,6,136,3544,30818,0.9989067747996869,BCL2A1; CTSK; CTSS; FOS; ITPR1; TNFSF10,1.0
PSCC,PSCC,q<0.05 & logFC>0.5,HIF1_signaling,13,107,3544,30818,0.46093271591540413,ANGPT1; ANGPT2; CYBB; EGF; EGLN3; FLT1; IFNG; IFNGR1; IGF1; LDHAL6B; PLCG2; PRKCB; TEK,1.0
PSCC,PSCC,q<0.05 & logFC>0.5,VEGF_signaling,3,57,3544,30818,0.9666735450089322,KDR; PLCG2; PRKCB,1.0
PSCC,PSCC,q<0.05 & logFC>0.5,Homologous_Recombination,1,41,3544,30818,0.993343945788275,SYCP3,1.0
PSCC,PSCC,q<0.05 & logFC>0.5,PI3K_AKT_signaling,42,353,3544,30818,0.4315151954273551,ANGPT1; ANGPT2; COL1A1; COL1A2; COL4A1; COL6A3; EGF; ERBB3; FGF7; FLT1; FLT3; GNG2; GNGT1; GYS2; HGF; IBSP; IFNA10; IFNA13; IFNA14; IFNA17; IFNA4; IFNA5; IGF1; IL2; IL2RA; IL2RG; IL7; IL7R; ITGA1; ITGA8; ITGB8; KDR; KIT; LAMA2; LAMA4; LPAR4; LPAR6; PDGFRA; PIK3AP1; PIK3CG; TEK; TNC,1.0
PSCC,PSCC,q<0.05 & logFC>0.5,p53_signaling,1,75,3544,30818,0.9998963095614856,IGF1,1.0
PSCC,PSCC,q<0.05 & logFC>0.5,Chemokine_signaling,26,188,3544,30818,0.18496574175946662,ARRB1; CCL18; CCL2; CCL5; CCR1; CCR2; CCR4; CCR5; CCR8; CXCL10; CXCL11; CXCL13; CXCL14; CXCL8; CXCL9; CXCR4; DOCK2; ELMO1; GNG2; GNGT1; GRK4; ITK; PIK3CG; PLCG2; PRKCB; VAV3,0.8323458379175998
PSCC,PSCC,q<0.05 & logFC>0.5,Cytokine_receptor_interaction,53,291,3544,30818,0.00047799362025410113,ACKR4; BMP5; CCL18; CCL2; CCL5; CCR1; CCR2; CCR4; CCR5; CCR8; CD4; CD40LG; CSF2RA; CXCL10; CXCL11; CXCL13; CXCL14; CXCL8; CXCL9; CXCR4; IFNA10; IFNA13; IFNA14; IFNA17; IFNA4; IFNA5; IFNG; IFNGR1; IFNW1; IL13RA2; IL18RAP; IL1R1; IL1R2; IL2; IL21; IL23R; IL26; IL2RA; IL2RG; IL33R; IL36G; IL36R; IL5; IL5RA; IL7; IL7R; MSTN; TNFRSF19; TNFRSF9; TNFSF10; TNFSF13B; TNFSF15; TNFSF18,0.00430194258228691
PSCC,PSCC,q<0.05 & logFC>0.5,Antigen_processing_presentation,21,79,3544,30818,0.00017209692282678369,CD4; CD74; CTSS; HLA-A; HLA-DMA; HLA-DMB; HLA-DPA1; HLA-DPB1; HLA-DQA1; HLA-DQA2; HLA-DQB1; HLA-DQB2; HLA-DRA; HLA-DRB1; HLA-DRB3; HLA-DRB4; IFNG; KLRC1; KLRC2; KLRC4; KLRD1,0.0030977446108821066
PSCC,PSCC,q<0.05 & logFC>0.5,PDL1_PD1_checkpoint,7,88,3544,30818,0.8922550863718115,CD3G; CD4; EGF; FOS; IFNG; IFNGR1; RASGRP1,1.0
PSCC,PSCC,q<0.05 & logFC>0.5,Pentose_phosphate_pathway,0,30,3544,30818,1.0,,1.0
PSCC,PSCC,q<0.05 & logFC>0.5,Arachidonic_acid_metabolism,5,60,3544,30818,0.8345292997028029,CYP2C19; CYP2C8; CYP2C9; HPGD; HPGDS,1.0
PSCC,PSCC,q<0.05 & logFC>0.5,Neuroactive_ligand_receptor,48,365,3544,30818,0.17985013771771616,AGTR2; AVPR1A; C3AR1; C5; C5AR1; CYSLTR1; CYSLTR2; EDNRA; EDNRB; FPR2; FPR3; GABRA2; GABRA6; GABRG1; GABRG2; GABRR3; GCG; GLRA3; GRIA2; GRIA3; GRIK2; GRM8; GZMA; HRH4; HTR1F; HTR2B; IAPP; LPAR4; LPAR6; NMBR; NPS; NPVF; NPY1R; P2RX7; P2RY10; P2RY13; P2RY14; PMCH; PTH; PTH2R; RXFP1; RXFP2; TAAR1; TAAR2; TRHR; UTS2; UTS2B; VIP,0.8323458379175998
PSCC,PSCC,q<0.05 & logFC>0.5,Prostate_cancer,9,104,3544,30818,0.8585316283584422,EGF; ERG; FOLH1; IGF1; IL1R2; LEF1; MMP3; PDGFRA; ZEB1,1.0
PSCC,PSCC,q<0.05 & logFC>0.5,Bladder_cancer,3,41,3544,30818,0.8654345406391554,CXCL8; EGF; MMP1,1.0
PSCC,PSCC,q<0.05 & logFC>0.5,Renal_cell_carcinoma,2,66,3544,30818,0.9970042084955439,EGLN3; HGF,1.0
PSCC,PSCC,q<0.05 & logFC>0.5,Epigenetic_Regulation,2,92,3544,30818,0.9998321337178574,BRD2; BRDT,1.0
PSCC,PSCC,p<0.05 & logFC>0.5,Cell_Cycle,4,155,5837,30818,0.9999999999424565,CDC14A; CDKN2B; PTTG2; SMC1B,0.9999999999424565
PSCC,PSCC,p<0.05 & logFC>0.5,Apoptosis,10,136,5837,30818,0.9999625435806472,BCL2A1; BCL2L11; CASP12; CTSK; CTSO; CTSS; FOS; ITPR1; MAP3K5; TNFSF10,0.9999999999424565
PSCC,PSCC,p<0.05 & logFC>0.5,HIF1_signaling,14,107,5837,30818,0.9580627708004057,ANGPT1; ANGPT2; CYBB; EGF; EGLN3; FLT1; IFNG; IFNGR1; IGF1; IL6; LDHAL6B; PLCG2; PRKCB; TEK,0.9999999999424565
PSCC,PSCC,p<0.05 & logFC>0.5,VEGF_signaling,4,57,5837,30818,0.9970109854958022,KDR; NFATC2; PLCG2; PRKCB,0.9999999999424565
PSCC,PSCC,p<0.05 & logFC>0.5,Homologous_Recombination,1,41,5837,30818,0.9998187335603433,SYCP3,0.9999999999424565
PSCC,PSCC,p<0.05 & logFC>0.5,PI3K_AKT_signaling,57,353,5837,30818,0.9237359742154988,ANGPT1; ANGPT2; BCL2L11; COL1A1; COL1A2; COL4A1; COL6A3; COL6A5; CSF1R; EGF; ERBB3; FGF7; FLT1; FLT3; GNG2; GNGT1; GYS2; HGF; IBSP; IFNA10; IFNA13; IFNA14; IFNA16; IFNA17; IFNA4; IFNA5; IGF1; IL2; IL2RA; IL2RG; IL4; IL6; IL7; IL7R; ITGA1; ITGA8; ITGA9; ITGB8; JAK2; KDR; KIT; LAMA2; LAMA4; LPAR4; LPAR6; NTRK2; PDGFRA; PIK3AP1; PIK3CG; PPP2R2C; PRLR; SGK1; SGK3; SPP1; TEK; TNC; VWF,0.9999999999424565
PSCC,PSCC,p<0.05 & logFC>0.5,p53_signaling,4,75,5837,30818,0.999852744291111,GORAB; IGF1; SESN3; SIAH1,0.9999999999424565
PSCC,PSCC,p<0.05 & logFC>0.5,Chemokine_signaling,41,188,5837,30818,0.1795946809352579,ARRB1; CCL18; CCL2; CCL5; CCL7; CCL8; CCR1; CCR2; CCR3; CCR4; CCR5; CCR6; CCR8; CXCL10; CXCL11; CXCL12; CXCL13; CXCL14; CXCL5; CXCL8; CXCL9; CXCR4; CXCR6; DOCK2; ELMO1; GNG2; GNGT1; GRK4; HCK; ITK; JAK2; PIK3CG; PLCB1; PLCB4; PLCG2; PPBP; PRKCB; STAT1; STAT2; TIAM1; VAV3,0.9999999999424565
PSCC,PSCC,p<0.05 & logFC>0.5,Cytokine_receptor_interaction,76,291,5837,30818,0.0015602344524031373,ACKR4; BMP5; BMPR1B; CCL18; CCL2; CCL5; CCL7; CCL8; CCR1; CCR2; CCR3; CCR4; CCR5; CCR6; CCR8; CD4; CD40LG; CSF1R; CSF2RA; CXCL10; CXCL11; CXCL12; CXCL13; CXCL14; CXCL5; CXCL8; CXCL9; CXCR4; CXCR6; IFNA10; IFNA13; IFNA14; IFNA16; IFNA17; IFNA4; IFNA5; IFNG; IFNGR1; IFNW1; IL13RA2; IL15; IL18R1; IL18RAP; IL1R1; IL1R2; IL1RN; IL2; IL21; IL22; IL23R; IL26; IL2RA; IL2RG; IL33; IL33R; IL36B; IL36G; IL36R; IL4; IL5; IL5RA; IL6; IL7; IL7R; MSTN; PPBP; PRLR; TNFRSF17; TNFRSF19; TNFRSF9; TNFSF10; TNFSF13B; TNFSF15; TNFSF18; TNFSF4; TNFSF8,0.02808422014325647
PSCC,PSCC,p<0.05 & logFC>0.5,Antigen_processing_presentation,22,79,5837,30818,0.03445131832865883,CD4; CD74; CTSS; HLA-A; HLA-DMA; HLA-DMB; HLA-DPA1; HLA-DPB1; HLA-DQA1; HLA-DQA2; HLA-DQB1; HLA-DQB2; HLA-DRA; HLA-DRB1; HLA-DRB3; HLA-DRB4; HLA-DRB5; IFNG; KLRC1; KLRC2; KLRC4; KLRD1,0.3100618649579295
PSCC,PSCC,p<0.05 & logFC>0.5,PDL1_PD1_checkpoint,12,88,5837,30818,0.9253568866585529,CD28; CD3G; CD4; EGF; FOS; IFNG; IFNGR1; JAK2; MAP2K6; NFATC2; RASGRP1; STAT1,0.9999999999424565
PSCC,PSCC,p<0.05 & logFC>0.5,Pentose_phosphate_pathway,1,30,5837,30818,0.9981688341292793,RBKS,0.9999999999424565
PSCC,PSCC,p<0.05 & logFC>0.5,Arachidonic_acid_metabolism,5,60,5837,30818,0.993282953177298,CYP2C19; CYP2C8; CYP2C9; HPGD; HPGDS,0.9999999999424565
PSCC,PSCC,p<0.05 & logFC>0.5,Neuroactive_ligand_receptor,69,365,5837,30818,0.5284442871632851,AGTR2; AVPR1A; C3AR1; C5; C5AR1; CHRM3; CYSLTR1; CYSLTR2; EDNRA; EDNRB; F2RL2; FPR2; FPR3; FSHR; GABRA2; GABRA6; GABRG1; GABRG2; GABRR3; GCG; GLRA2; GLRA3; GNRHR; GRIA2; GRIA3; GRIA4; GRID2; GRIK2; GRM8; GZMA; HRH4; HTR1F; HTR2B; IAPP; INSL5; KNG1; LPAR4; LPAR6; MAS1; MC2R; MC4R; NMBR; NPS; NPVF; NPY1R; NPY5R; OPRM1; P2RX7; P2RY10; P2RY13; P2RY14; PAQR9; PATE1; PLG; PMCH; PRLR; PTGER3; PTH; PTH2R; RXFP1; RXFP2; TAAR1; TAAR2; TRHR; TSHB; TSHR; UTS2; UTS2B; VIP,0.9999999999424565
PSCC,PSCC,p<0.05 & logFC>0.5,Prostate_cancer,10,104,5837,30818,0.9970443208731629,EGF; ERG; FOLH1; IGF1; IL1R2; LEF1; MMP3; MMP9; PDGFRA; ZEB1,0.9999999999424565
PSCC,PSCC,p<0.05 & logFC>0.5,Bladder_cancer,5,41,5837,30818,0.9101886537367551,CXCL8; DAPK1; EGF; MMP1; MMP9,0.9999999999424565
PSCC,PSCC,p<0.05 & logFC>0.5,Renal_cell_carcinoma,2,66,5837,30818,0.9999844920987325,EGLN3; HGF,0.9999999999424565
PSCC,PSCC,p<0.05 & logFC>0.5,Epigenetic_Regulation,3,92,5837,30818,0.9999990024104347,BRD2; BRDT; KAT2B,0.9999999999424565
SarcUC,SarcUC,q<0.05 & logFC>0.5,Cell_Cycle,22,157,1172,20363,9.767699585779276e-05,ABL1; ANAPC11; ANAPC2; ANAPC4; ATM; CCNE1; CDC20; CDC25B; CDCA5; CDKN2A; CDKN2C; CDKN2D; DDX11; ESPL1; GADD45G; MAD1L1; MAD2L1BP; MCM2; MCM5; MDM2; PKMYT1; TGFB1,0.0017581859254402698
SarcUC,SarcUC,q<0.05 & logFC>0.5,Apoptosis,10,135,1172,20363,0.25027591244883207,ATF4; ATM; CTSL; DIABLO; GADD45G; PIDD1; PIK3CD; RIPK1; TRADD; TRAF2,0.5005518248976641
SarcUC,SarcUC,q<0.05 & logFC>0.5,HIF1_signaling,3,107,1172,20363,0.9499477924315008,ANGPT2; PIK3CD; PRKCB,0.9799502279628752
SarcUC,SarcUC,q<0.05 & logFC>0.5,VEGF_signaling,4,56,1172,20363,0.40410170423613556,CDC42; PIK3CD; PLA2G4C; PRKCB,0.6612573342045854
SarcUC,SarcUC,q<0.05 & logFC>0.5,Homologous_Recombination,6,41,1172,20363,0.028730419371905208,ATM; BARD1; MRE11; PALB2; RAD52; TOP3A,0.12928688717357345
SarcUC,SarcUC,q<0.05 & logFC>0.5,PI3K_AKT_signaling,23,356,1172,20363,0.3130974736805212,ANGPT2; ATF4; CCNE1; COL6A2; CSF1; FGFR1; GNB3; GNG10; GNGT2; HGF; ITGA10; ITGB5; LPAR2; MDM2; PDGFA; PDGFB; PGF; PIK3CD; PKN1; PPP2R3B; RXRA; TSC1; VEGFC,0.5635754526249382
SarcUC,SarcUC,q<0.05 & logFC>0.5,p53_signaling,10,75,1172,20363,0.010560051959375899,ATM; CCNE1; CDKN2A; GADD45G; GTSE1; MDM2; PIDD1; RRM2; SIVA1; TP53I3,0.0633603117562554
SarcUC,SarcUC,q<0.05 & logFC>0.5,Chemokine_signaling,15,188,1172,20363,0.125626670439482,CCL13; CCL3; CDC42; CXCL16; FGR; GNB3; GNG10; GNGT2; GRK6; HCK; PIK3CD; PLCB2; PRKCB; SHC1; VAV3,0.376880011318446
SarcUC,SarcUC,q<0.05 & logFC>0.5,Cytokine_receptor_interaction,13,295,1172,20363,0.8731137350619032,CCL13; CCL3; CNTF; CSF1; CXCL16; IL10RA; IL11RA; IL15; IL21R; RELT; TGFB1; TNFRSF19; TNFRSF6B,0.9799502279628752
SarcUC,SarcUC,q<0.05 & logFC>0.5,Antigen_processing_presentation,3,78,1172,20363,0.8340090198700798,CTSL; NFYA; TAP1,0.9799502279628752
SarcUC,SarcUC,q<0.05 & logFC>0.5,PDL1_PD1_checkpoint,4,88,1172,20363,0.7529135096869455,BATF3; LAT; PIK3CD; TRAF6,0.9799502279628752
SarcUC,SarcUC,q<0.05 & logFC>0.5,Pentose_phosphate_pathway,1,30,1172,20363,0.8313026812693991,G6PD,0.9799502279628752
SarcUC,SarcUC,q<0.05 & logFC>0.5,Arachidonic_acid_metabolism,4,61,1172,20363,0.46911528098579364,GGT5; LTC4S; PLA2G4C; PTGES2,0.7036729214786904
SarcUC,SarcUC,q<0.05 & logFC>0.5,Neuroactive_ligand_receptor,13,366,1172,20363,0.9799502279628752,ADORA2A; APLN; GNRH1; GRIK2; GZMA; LPAR2; LTB4R; NR3C1; OGFR; S1PR3; TBXA2R; UCN; UCN2,0.9799502279628752
SarcUC,SarcUC,q<0.05 & logFC>0.5,Prostate_cancer,8,104,1172,20363,0.24944657280049637,ATF4; CCNE1; FGFR1; MDM2; MMP9; PDGFA; PDGFB; PIK3CD,0.5005518248976641
SarcUC,SarcUC,q<0.05 & logFC>0.5,Bladder_cancer,4,40,1172,20363,0.19660871784079495,CDKN2A; MDM2; MMP9; TYMP,0.5005518248976641
SarcUC,SarcUC,q<0.05 & logFC>0.5,Renal_cell_carcinoma,7,67,1172,20363,0.08971693843105753,CDC42; FLCN; HGF; PDGFB; PIK3CD; RAPGEF1; TGFB1,0.3229809783518071
SarcUC,SarcUC,q<0.05 & logFC>0.5,Epigenetic_Regulation,12,92,1172,20363,0.006410531560858091,CBX2; CBX8; DNMT1; DNMT3A; EZH2; HDAC10; KAT2A; KDM1A; NSD2; PHC2; SIRT6; UHRF1,0.05769478404772282
SarcUC,SarcUC,p<0.05 & logFC>0.5,Cell_Cycle,22,157,1172,20363,9.767699585779276e-05,ABL1; ANAPC11; ANAPC2; ANAPC4; ATM; CCNE1; CDC20; CDC25B; CDCA5; CDKN2A; CDKN2C; CDKN2D; DDX11; ESPL1; GADD45G; MAD1L1; MAD2L1BP; MCM2; MCM5; MDM2; PKMYT1; TGFB1,0.0017581859254402698
SarcUC,SarcUC,p<0.05 & logFC>0.5,Apoptosis,10,135,1172,20363,0.25027591244883207,ATF4; ATM; CTSL; DIABLO; GADD45G; PIDD1; PIK3CD; RIPK1; TRADD; TRAF2,0.5005518248976641
SarcUC,SarcUC,p<0.05 & logFC>0.5,HIF1_signaling,3,107,1172,20363,0.9499477924315008,ANGPT2; PIK3CD; PRKCB,0.9799502279628752
SarcUC,SarcUC,p<0.05 & logFC>0.5,VEGF_signaling,4,56,1172,20363,0.40410170423613556,CDC42; PIK3CD; PLA2G4C; PRKCB,0.6612573342045854
SarcUC,SarcUC,p<0.05 & logFC>0.5,Homologous_Recombination,6,41,1172,20363,0.028730419371905208,ATM; BARD1; MRE11; PALB2; RAD52; TOP3A,0.12928688717357345
SarcUC,SarcUC,p<0.05 & logFC>0.5,PI3K_AKT_signaling,23,356,1172,20363,0.3130974736805212,ANGPT2; ATF4; CCNE1; COL6A2; CSF1; FGFR1; GNB3; GNG10; GNGT2; HGF; ITGA10; ITGB5; LPAR2; MDM2; PDGFA; PDGFB; PGF; PIK3CD; PKN1; PPP2R3B; RXRA; TSC1; VEGFC,0.5635754526249382
SarcUC,SarcUC,p<0.05 & logFC>0.5,p53_signaling,10,75,1172,20363,0.010560051959375899,ATM; CCNE1; CDKN2A; GADD45G; GTSE1; MDM2; PIDD1; RRM2; SIVA1; TP53I3,0.0633603117562554
SarcUC,SarcUC,p<0.05 & logFC>0.5,Chemokine_signaling,15,188,1172,20363,0.125626670439482,CCL13; CCL3; CDC42; CXCL16; FGR; GNB3; GNG10; GNGT2; GRK6; HCK; PIK3CD; PLCB2; PRKCB; SHC1; VAV3,0.376880011318446
SarcUC,SarcUC,p<0.05 & logFC>0.5,Cytokine_receptor_interaction,13,295,1172,20363,0.8731137350619032,CCL13; CCL3; CNTF; CSF1; CXCL16; IL10RA; IL11RA; IL15; IL21R; RELT; TGFB1; TNFRSF19; TNFRSF6B,0.9799502279628752
SarcUC,SarcUC,p<0.05 & logFC>0.5,Antigen_processing_presentation,3,78,1172,20363,0.8340090198700798,CTSL; NFYA; TAP1,0.9799502279628752
SarcUC,SarcUC,p<0.05 & logFC>0.5,PDL1_PD1_checkpoint,4,88,1172,20363,0.7529135096869455,BATF3; LAT; PIK3CD; TRAF6,0.9799502279628752
SarcUC,SarcUC,p<0.05 & logFC>0.5,Pentose_phosphate_pathway,1,30,1172,20363,0.8313026812693991,G6PD,0.9799502279628752
SarcUC,SarcUC,p<0.05 & logFC>0.5,Arachidonic_acid_metabolism,4,61,1172,20363,0.46911528098579364,GGT5; LTC4S; PLA2G4C; PTGES2,0.7036729214786904
SarcUC,SarcUC,p<0.05 & logFC>0.5,Neuroactive_ligand_receptor,13,366,1172,20363,0.9799502279628752,ADORA2A; APLN; GNRH1; GRIK2; GZMA; LPAR2; LTB4R; NR3C1; OGFR; S1PR3; TBXA2R; UCN; UCN2,0.9799502279628752
SarcUC,SarcUC,p<0.05 & logFC>0.5,Prostate_cancer,8,104,1172,20363,0.24944657280049637,ATF4; CCNE1; FGFR1; MDM2; MMP9; PDGFA; PDGFB; PIK3CD,0.5005518248976641
SarcUC,SarcUC,p<0.05 & logFC>0.5,Bladder_cancer,4,40,1172,20363,0.19660871784079495,CDKN2A; MDM2; MMP9; TYMP,0.5005518248976641
SarcUC,SarcUC,p<0.05 & logFC>0.5,Renal_cell_carcinoma,7,67,1172,20363,0.08971693843105753,CDC42; FLCN; HGF; PDGFB; PIK3CD; RAPGEF1; TGFB1,0.3229809783518071
SarcUC,SarcUC,p<0.05 & logFC>0.5,Epigenetic_Regulation,12,92,1172,20363,0.006410531560858091,CBX2; CBX8; DNMT1; DNMT3A; EZH2; HDAC10; KAT2A; KDM1A; NSD2; PHC2; SIRT6; UHRF1,0.05769478404772282
SCBC_ASCL1,SCBC_ASCL1,q<0.05 & logFC>0.5,Cell_Cycle,0,158,225,20753,1.0,,1.0
SCBC_ASCL1,SCBC_ASCL1,q<0.05 & logFC>0.5,Apoptosis,2,136,225,20753,0.4349889322159999,ITPR3; MAPK10,1.0
SCBC_ASCL1,SCBC_ASCL1,q<0.05 & logFC>0.5,HIF1_signaling,1,109,225,20753,0.6961828803607857,CAMK2B,1.0
SCBC_ASCL1,SCBC_ASCL1,q<0.05 & logFC>0.5,VEGF_signaling,0,58,225,20753,1.0,,1.0
SCBC_ASCL1,SCBC_ASCL1,q<0.05 & logFC>0.5,Homologous_Recombination,0,41,225,20753,1.0,,1.0
SCBC_ASCL1,SCBC_ASCL1,q<0.05 & logFC>0.5,PI3K_AKT_signaling,2,357,225,20753,0.9017048101905157,GNG4; KITLG,1.0
SCBC_ASCL1,SCBC_ASCL1,q<0.05 & logFC>0.5,p53_signaling,1,74,225,20753,0.5542978675886425,PERP,1.0
SCBC_ASCL1,SCBC_ASCL1,q<0.05 & logFC>0.5,Chemokine_signaling,2,186,225,20753,0.6011712874656274,GNG4; PLCB4,1.0
SCBC_ASCL1,SCBC_ASCL1,q<0.05 & logFC>0.5,Cytokine_receptor_interaction,2,289,225,20753,0.823507002653865,GDF15; TNFRSF11A,1.0
SCBC_ASCL1,SCBC_ASCL1,q<0.05 & logFC>0.5,Antigen_processing_presentation,0,69,225,20753,1.0,,1.0
SCBC_ASCL1,SCBC_ASCL1,q<0.05 & logFC>0.5,PDL1_PD1_checkpoint,0,86,225,20753,1.0,,1.0
SCBC_ASCL1,SCBC_ASCL1,q<0.05 & logFC>0.5,Pentose_phosphate_pathway,0,30,225,20753,1.0,,1.0
SCBC_ASCL1,SCBC_ASCL1,q<0.05 & logFC>0.5,Arachidonic_acid_metabolism,0,61,225,20753,1.0,,1.0
SCBC_ASCL1,SCBC_ASCL1,q<0.05 & logFC>0.5,Neuroactive_ligand_receptor,6,355,225,20753,0.1892528450875274,CALCA; GLRA3; GRIK3; NMUR2; RXFP3; UCN3,1.0
SCBC_ASCL1,SCBC_ASCL1,q<0.05 & logFC>0.5,Prostate_cancer,0,104,225,20753,1.0,,1.0
SCBC_ASCL1,SCBC_ASCL1,q<0.05 & logFC>0.5,Bladder_cancer,1,41,225,20753,0.36069582547872314,CDH1,1.0
SCBC_ASCL1,SCBC_ASCL1,q<0.05 & logFC>0.5,Renal_cell_carcinoma,0,68,225,20753,1.0,,1.0
SCBC_ASCL1,SCBC_ASCL1,q<0.05 & logFC>0.5,Epigenetic_Regulation,0,93,225,20753,1.0,,1.0
SCBC_ASCL1,SCBC_ASCL1,p<0.05 & logFC>0.5,Cell_Cycle,10,158,1294,20753,0.5272664487519004,ANAPC11; CCNE2; CDC45; CDKN2C; CDKN2D; E2F2; GADD45G; PTTG1; PTTG2; WEE2,1.0
SCBC_ASCL1,SCBC_ASCL1,p<0.05 & logFC>0.5,Apoptosis,5,136,1294,20753,0.9316549370182543,BCL2L1; GADD45G; ITPR3; MAP3K5; MAPK10,1.0
SCBC_ASCL1,SCBC_ASCL1,p<0.05 & logFC>0.5,HIF1_signaling,7,109,1294,20753,0.5237723588509084,ALDOA; ANGPT2; CAMK2B; EGLN3; ENO2; PFKP; TFRC,1.0
SCBC_ASCL1,SCBC_ASCL1,p<0.05 & logFC>0.5,VEGF_signaling,3,58,1294,20753,0.709674764243021,NFATC2; PPP3CA; SHC2,1.0
SCBC_ASCL1,SCBC_ASCL1,p<0.05 & logFC>0.5,Homologous_Recombination,0,41,1294,20753,1.0,,1.0
SCBC_ASCL1,SCBC_ASCL1,p<0.05 & logFC>0.5,PI3K_AKT_signaling,13,357,1294,20753,0.9892963178508111,ANGPT2; BCL2L1; CCNE2; COL6A6; EFNA5; EPOR; FGF17; GNG4; KITLG; MET; PHLPP1; RET; VTN,1.0
SCBC_ASCL1,SCBC_ASCL1,p<0.05 & logFC>0.5,p53_signaling,6,74,1294,20753,0.31428314564707666,BCL2L1; CCNE2; GADD45G; PERP; RPRM; TP73,1.0
SCBC_ASCL1,SCBC_ASCL1,p<0.05 & logFC>0.5,Chemokine_signaling,8,186,1294,20753,0.8998992828889385,ADCY1; GNG4; GRK1; PLCB4; PRKACB; PRKACG; SHC2; SHC4,1.0
SCBC_ASCL1,SCBC_ASCL1,p<0.05 & logFC>0.5,Cytokine_receptor_interaction,11,289,1294,20753,0.974359943669326,ACVR1C; EPOR; GDF15; IL11; IL17RE; INHA; INHBE; TNFRSF11A; TNFRSF11B; TNFRSF14; TNFRSF25,1.0
SCBC_ASCL1,SCBC_ASCL1,p<0.05 & logFC>0.5,Antigen_processing_presentation,0,69,1294,20753,1.0,,1.0
SCBC_ASCL1,SCBC_ASCL1,p<0.05 & logFC>0.5,PDL1_PD1_checkpoint,4,86,1294,20753,0.7918988732345614,MAP2K6; NFATC2; PPP3CA; TIRAP,1.0
SCBC_ASCL1,SCBC_ASCL1,p<0.05 & logFC>0.5,Pentose_phosphate_pathway,2,30,1294,20753,0.5660835191004806,ALDOA; PFKP,1.0
SCBC_ASCL1,SCBC_ASCL1,p<0.05 & logFC>0.5,Arachidonic_acid_metabolism,3,61,1294,20753,0.741418004232375,CYP2C19; CYP4F3; PLB1,1.0
SCBC_ASCL1,SCBC_ASCL1,p<0.05 & logFC>0.5,Neuroactive_ligand_receptor,31,355,1294,20753,0.036836903871002184,AVPR1B; CALCA; CGA; CHRM4; CHRM5; CHRNB2; GHRH; GLRA3; GNRH2; GRIA1; GRIK3; GRIN1; GRIN2C; GRIN3A; GRM7; GRM8; GRP; HCRT; LTB4R2; LYPD6; LYPD6B; NMUR2; NPFFR2; NTS; OPRD1; PRSS1; RXFP3; SPX; TAAR1; TAC3; UCN3,0.6630642696780393
SCBC_ASCL1,SCBC_ASCL1,p<0.05 & logFC>0.5,Prostate_cancer,3,104,1294,20753,0.9612715626316988,CCNE2; E2F2; SPINT1,1.0
SCBC_ASCL1,SCBC_ASCL1,p<0.05 & logFC>0.5,Bladder_cancer,2,41,1294,20753,0.7342754784995154,CDH1; E2F2,1.0
SCBC_ASCL1,SCBC_ASCL1,p<0.05 & logFC>0.5,Renal_cell_carcinoma,2,68,1294,20753,0.9310022791947634,EGLN3; MET,1.0
SCBC_ASCL1,SCBC_ASCL1,p<0.05 & logFC>0.5,Epigenetic_Regulation,1,93,1294,20753,0.9975242081368079,DNMT3B,1.0
SCBC_NEUROD1,SCBC_NEUROD1,q<0.05 & logFC>0.5,Cell_Cycle,0,158,10,20753,1.0,,1.0
SCBC_NEUROD1,SCBC_NEUROD1,q<0.05 & logFC>0.5,Apoptosis,0,136,10,20753,1.0,,1.0
SCBC_NEUROD1,SCBC_NEUROD1,q<0.05 & logFC>0.5,HIF1_signaling,0,109,10,20753,1.0,,1.0
SCBC_NEUROD1,SCBC_NEUROD1,q<0.05 & logFC>0.5,VEGF_signaling,0,58,10,20753,1.0,,1.0
SCBC_NEUROD1,SCBC_NEUROD1,q<0.05 & logFC>0.5,Homologous_Recombination,0,41,10,20753,1.0,,1.0
SCBC_NEUROD1,SCBC_NEUROD1,q<0.05 & logFC>0.5,PI3K_AKT_signaling,0,357,10,20753,1.0,,1.0
SCBC_NEUROD1,SCBC_NEUROD1,q<0.05 & logFC>0.5,p53_signaling,0,74,10,20753,1.0,,1.0
SCBC_NEUROD1,SCBC_NEUROD1,q<0.05 & logFC>0.5,Chemokine_signaling,0,186,10,20753,1.0,,1.0
SCBC_NEUROD1,SCBC_NEUROD1,q<0.05 & logFC>0.5,Cytokine_receptor_interaction,0,289,10,20753,1.0,,1.0
SCBC_NEUROD1,SCBC_NEUROD1,q<0.05 & logFC>0.5,Antigen_processing_presentation,0,69,10,20753,1.0,,1.0
SCBC_NEUROD1,SCBC_NEUROD1,q<0.05 & logFC>0.5,PDL1_PD1_checkpoint,0,86,10,20753,1.0,,1.0
SCBC_NEUROD1,SCBC_NEUROD1,q<0.05 & logFC>0.5,Pentose_phosphate_pathway,0,30,10,20753,1.0,,1.0
SCBC_NEUROD1,SCBC_NEUROD1,q<0.05 & logFC>0.5,Arachidonic_acid_metabolism,0,61,10,20753,1.0,,1.0
SCBC_NEUROD1,SCBC_NEUROD1,q<0.05 & logFC>0.5,Neuroactive_ligand_receptor,0,355,10,20753,1.0,,1.0
SCBC_NEUROD1,SCBC_NEUROD1,q<0.05 & logFC>0.5,Prostate_cancer,0,104,10,20753,1.0,,1.0
SCBC_NEUROD1,SCBC_NEUROD1,q<0.05 & logFC>0.5,Bladder_cancer,0,41,10,20753,1.0,,1.0
SCBC_NEUROD1,SCBC_NEUROD1,q<0.05 & logFC>0.5,Renal_cell_carcinoma,0,68,10,20753,1.0,,1.0
SCBC_NEUROD1,SCBC_NEUROD1,q<0.05 & logFC>0.5,Epigenetic_Regulation,0,93,10,20753,1.0,,1.0
SCBC_NEUROD1,SCBC_NEUROD1,p<0.05 & logFC>0.5,Cell_Cycle,7,158,616,20753,0.19060327224017018,CCNB1; CDC25C; DBF4B; E2F1; MAD2L1; NDC80; ORC6,0.9731658630312031
SCBC_NEUROD1,SCBC_NEUROD1,p<0.05 & logFC>0.5,Apoptosis,5,136,616,20753,0.3784533911788012,CTSL; DIABLO; LMNB1; MAP3K14; PARP1,0.9731658630312031
SCBC_NEUROD1,SCBC_NEUROD1,p<0.05 & logFC>0.5,HIF1_signaling,3,109,616,20753,0.6319301772794317,LDHA; PDHA1; PGK1,1.0
SCBC_NEUROD1,SCBC_NEUROD1,p<0.05 & logFC>0.5,VEGF_signaling,0,58,616,20753,1.0,,1.0
SCBC_NEUROD1,SCBC_NEUROD1,p<0.05 & logFC>0.5,Homologous_Recombination,2,41,616,20753,0.34473283767031176,TOP3B; XRCC3,0.9731658630312031
SCBC_NEUROD1,SCBC_NEUROD1,p<0.05 & logFC>0.5,PI3K_AKT_signaling,5,357,616,20753,0.9821970167288773,ITGA7; ITGA9; NGFR; PGF; PRKAA2,1.0
SCBC_NEUROD1,SCBC_NEUROD1,p<0.05 & logFC>0.5,p53_signaling,3,74,616,20753,0.3772104537844118,CCNB1; RPRM; SIVA1,0.9731658630312031
SCBC_NEUROD1,SCBC_NEUROD1,p<0.05 & logFC>0.5,Chemokine_signaling,1,186,616,20753,0.9964115958030014,CXCR4,1.0
SCBC_NEUROD1,SCBC_NEUROD1,p<0.05 & logFC>0.5,Cytokine_receptor_interaction,5,289,616,20753,0.9332450579819828,CXCR4; EDA; IL31RA; NGFR; TNFRSF19,1.0
SCBC_NEUROD1,SCBC_NEUROD1,p<0.05 & logFC>0.5,Antigen_processing_presentation,4,69,616,20753,0.14867090472933123,CTSL; HSPA1A; HSPA1B; HSPA6,0.9731658630312031
SCBC_NEUROD1,SCBC_NEUROD1,p<0.05 & logFC>0.5,PDL1_PD1_checkpoint,3,86,616,20753,0.47202068073613634,BATF3; CSNK2A2; RASGRP1,1.0
SCBC_NEUROD1,SCBC_NEUROD1,p<0.05 & logFC>0.5,Pentose_phosphate_pathway,2,30,616,20753,0.22335746050356856,PRPS1; TKTL1,0.9731658630312031
SCBC_NEUROD1,SCBC_NEUROD1,p<0.05 & logFC>0.5,Arachidonic_acid_metabolism,0,61,616,20753,1.0,,1.0
SCBC_NEUROD1,SCBC_NEUROD1,p<0.05 & logFC>0.5,Neuroactive_ligand_receptor,16,355,616,20753,0.06531771538114627,ADCYAP1R1; AVPR1A; CHRNA1; CHRNA3; CHRNB4; CHRND; CHRNG; GIP; GLRA1; GRIN2A; GRM4; NPS; NPY; NTSR2; SSTR2; TMEM97,0.9731658630312031
SCBC_NEUROD1,SCBC_NEUROD1,p<0.05 & logFC>0.5,Prostate_cancer,3,104,616,20753,0.6001611004494962,E2F1; FOXO1; ZEB1,1.0
SCBC_NEUROD1,SCBC_NEUROD1,p<0.05 & logFC>0.5,Bladder_cancer,1,41,616,20753,0.7096354340101043,E2F1,1.0
SCBC_NEUROD1,SCBC_NEUROD1,p<0.05 & logFC>0.5,Renal_cell_carcinoma,0,68,616,20753,1.0,,1.0
SCBC_NEUROD1,SCBC_NEUROD1,p<0.05 & logFC>0.5,Epigenetic_Regulation,1,93,616,20753,0.9397101350107787,BRDT,1.0
SCBC_POU2F3,SCBC_POU2F3,q<0.05 & logFC>0.5,Cell_Cycle,0,158,106,20753,1.0,,1.0
SCBC_POU2F3,SCBC_POU2F3,q<0.05 & logFC>0.5,Apoptosis,0,136,106,20753,1.0,,1.0
SCBC_POU2F3,SCBC_POU2F3,q<0.05 & logFC>0.5,HIF1_signaling,1,109,106,20753,0.4285776464823166,PLCG2,0.9642997045852124
SCBC_POU2F3,SCBC_POU2F3,q<0.05 & logFC>0.5,VEGF_signaling,2,58,106,20753,0.03548983508175255,PLA2G4A; PLCG2,0.3152003800354698
SCBC_POU2F3,SCBC_POU2F3,q<0.05 & logFC>0.5,Homologous_Recombination,0,41,106,20753,1.0,,1.0
SCBC_POU2F3,SCBC_POU2F3,q<0.05 & logFC>0.5,PI3K_AKT_signaling,1,357,106,20753,0.8418202012624653,ITGB4,1.0
SCBC_POU2F3,SCBC_POU2F3,q<0.05 & logFC>0.5,p53_signaling,1,74,106,20753,0.3158703213788463,COP1,0.947610964136539
SCBC_POU2F3,SCBC_POU2F3,q<0.05 & logFC>0.5,Chemokine_signaling,3,186,106,20753,0.07004452889677107,CCR4; HCK; PLCG2,0.3152003800354698
SCBC_POU2F3,SCBC_POU2F3,q<0.05 & logFC>0.5,Cytokine_receptor_interaction,4,289,106,20753,0.060892534969376154,CCR4; IL17RB; IL36R; TNFSF8,0.3152003800354698
SCBC_POU2F3,SCBC_POU2F3,q<0.05 & logFC>0.5,Antigen_processing_presentation,1,69,106,20753,0.2980658951120829,KIR2DL4,0.947610964136539
SCBC_POU2F3,SCBC_POU2F3,q<0.05 & logFC>0.5,PDL1_PD1_checkpoint,0,86,106,20753,1.0,,1.0
SCBC_POU2F3,SCBC_POU2F3,q<0.05 & logFC>0.5,Pentose_phosphate_pathway,0,30,106,20753,1.0,,1.0
SCBC_POU2F3,SCBC_POU2F3,q<0.05 & logFC>0.5,Arachidonic_acid_metabolism,3,61,106,20753,0.0037597320785690983,ALOX12B; PLA2G4A; PTGS1,0.06767517741424377
SCBC_POU2F3,SCBC_POU2F3,q<0.05 & logFC>0.5,Neuroactive_ligand_receptor,0,355,106,20753,1.0,,1.0
SCBC_POU2F3,SCBC_POU2F3,q<0.05 & logFC>0.5,Prostate_cancer,0,104,106,20753,1.0,,1.0
SCBC_POU2F3,SCBC_POU2F3,q<0.05 & logFC>0.5,Bladder_cancer,0,41,106,20753,1.0,,1.0
SCBC_POU2F3,SCBC_POU2F3,q<0.05 & logFC>0.5,Renal_cell_carcinoma,0,68,106,20753,1.0,,1.0
SCBC_POU2F3,SCBC_POU2F3,q<0.05 & logFC>0.5,Epigenetic_Regulation,1,93,106,20753,0.3795401535931134,KAT6A,0.9642997045852124
SCBC_POU2F3,SCBC_POU2F3,p<0.05 & logFC>0.5,Cell_Cycle,4,158,1171,20753,0.9803972416415887,BUB3; CCNE1; E2F3; PPP2R5C,1.0
SCBC_POU2F3,SCBC_POU2F3,p<0.05 & logFC>0.5,Apoptosis,10,136,1171,20753,0.23863110528796136,CASP9; CHUK; CTSC; CTSH; ITPR2; NFKBIA; PARP4; PIK3CD; PRF1; TUBA3C,0.5369199868979131
SCBC_POU2F3,SCBC_POU2F3,p<0.05 & logFC>0.5,HIF1_signaling,6,109,1171,20753,0.5838717333305109,EIF4E; LTBR; PIK3CD; PLCG2; PRKCB; RPS6,0.8567901500383768
SCBC_POU2F3,SCBC_POU2F3,p<0.05 & logFC>0.5,VEGF_signaling,7,58,1171,20753,0.04386522214146764,CASP9; PIK3CD; PLA2G4A; PLA2G4E; PLA2G4F; PLCG2; PRKCB,0.13659338986739208
SCBC_POU2F3,SCBC_POU2F3,p<0.05 & logFC>0.5,Homologous_Recombination,2,41,1171,20753,0.6812349809691405,NBN; PALB2,0.8567901500383768
SCBC_POU2F3,SCBC_POU2F3,p<0.05 & logFC>0.5,PI3K_AKT_signaling,28,357,1171,20753,0.049489399292018114,CASP9; CCNE1; CHRM1; CHUK; COL2A1; COL9A3; COMP; CRTC2; EIF4E; FGF1; FLT3; GH1; GNB4; GNG13; GNG7; IL4; ITGB4; ITGB5; LAMC2; LPAR2; NRTN; PIK3CD; PIK3CG; PIK3R5; PPP2R5C; RET; RPS6; SGK3,0.13659338986739208
SCBC_POU2F3,SCBC_POU2F3,p<0.05 & logFC>0.5,p53_signaling,4,74,1171,20753,0.6068066746203709,CASP9; CCNE1; COP1; GORAB,0.8567901500383768
SCBC_POU2F3,SCBC_POU2F3,p<0.05 & logFC>0.5,Chemokine_signaling,26,186,1171,20753,1.765225044733433e-05,ADCY6; CCL17; CCL20; CCL22; CCL25; CCR4; CCR6; CCR8; CCR9; CHUK; CX3CL1; CXCR5; GNAI2; GNB4; GNG13; GNG7; HCK; ITK; NFKBIA; PIK3CD; PIK3CG; PIK3R5; PLCG2; PRKCB; STAT1; VAV1,0.00031774050805201794
SCBC_POU2F3,SCBC_POU2F3,p<0.05 & logFC>0.5,Cytokine_receptor_interaction,28,289,1171,20753,0.003824894145620453,CCL17; CCL20; CCL22; CCL25; CCR4; CCR6; CCR8; CCR9; CD27; CX3CL1; CXCR5; GH1; IFNLR1; IL17RB; IL1RAP; IL22RA1; IL27; IL27RA; IL33; IL36A; IL36R; IL4; INHBB; LTBR; MPL; TNFSF13; TNFSF8; TNFSF9,0.03442404731058408
SCBC_POU2F3,SCBC_POU2F3,p<0.05 & logFC>0.5,Antigen_processing_presentation,9,69,1171,20753,0.015137307207001986,B2M; HLA-C; HLA-DMA; HLA-DOB; HLA-DQB2; HLA-DRA; KIR2DL4; KIR3DL2; TAP1,0.09082384324201191
SCBC_POU2F3,SCBC_POU2F3,p<0.05 & logFC>0.5,PDL1_PD1_checkpoint,9,86,1171,20753,0.05311965161509692,CHUK; LAT; LCK; NFATC1; NFKBIA; PIK3CD; PRKCQ; STAT1; TLR9,0.13659338986739208
SCBC_POU2F3,SCBC_POU2F3,p<0.05 & logFC>0.5,Pentose_phosphate_pathway,0,30,1171,20753,1.0,,1.0
SCBC_POU2F3,SCBC_POU2F3,p<0.05 & logFC>0.5,Arachidonic_acid_metabolism,8,61,1171,20753,0.020749561128040852,ALOX12B; ALOX5; ALOXE3; PLA2G1B; PLA2G4A; PLA2G4E; PLA2G4F; PTGS1,0.09337302507618384
SCBC_POU2F3,SCBC_POU2F3,p<0.05 & logFC>0.5,Neuroactive_ligand_receptor,18,355,1171,20753,0.7139917916986473,CHRM1; CRHR2; GABRA6; GABRB2; GH1; GHRL; GLRA2; GRIN2B; LPAR2; LTB4R; NMU; NMUR1; P2RY10; PATE2; PMCH; PNOC; SLURP1; TSPO,0.8567901500383768
SCBC_POU2F3,SCBC_POU2F3,p<0.05 & logFC>0.5,Prostate_cancer,7,104,1171,20753,0.3717998778026163,CASP9; CCNE1; CHUK; E2F3; NFKBIA; PIK3CD; SPINT1,0.6692397800447093
SCBC_POU2F3,SCBC_POU2F3,p<0.05 & logFC>0.5,Bladder_cancer,2,41,1171,20753,0.6812349809691405,E2F3; UPK3A,0.8567901500383768
SCBC_POU2F3,SCBC_POU2F3,p<0.05 & logFC>0.5,Renal_cell_carcinoma,2,68,1171,20753,0.9027666445646265,ARNT2; PIK3CD,1.0
SCBC_POU2F3,SCBC_POU2F3,p<0.05 & logFC>0.5,Epigenetic_Regulation,7,93,1171,20753,0.27112770772560474,KAT2B; KAT6A; KDM5B; KMT2B; NSD3; SMARCC1; TET2,0.5422554154512095
SCBC_YAP1,SCBC_YAP1,q<0.05 & logFC>0.5,Cell_Cycle,0,158,2,20753,1.0,,1.0
SCBC_YAP1,SCBC_YAP1,q<0.05 & logFC>0.5,Apoptosis,0,136,2,20753,1.0,,1.0
SCBC_YAP1,SCBC_YAP1,q<0.05 & logFC>0.5,HIF1_signaling,0,109,2,20753,1.0,,1.0
SCBC_YAP1,SCBC_YAP1,q<0.05 & logFC>0.5,VEGF_signaling,0,58,2,20753,1.0,,1.0
SCBC_YAP1,SCBC_YAP1,q<0.05 & logFC>0.5,Homologous_Recombination,0,41,2,20753,1.0,,1.0
SCBC_YAP1,SCBC_YAP1,q<0.05 & logFC>0.5,PI3K_AKT_signaling,0,357,2,20753,1.0,,1.0
SCBC_YAP1,SCBC_YAP1,q<0.05 & logFC>0.5,p53_signaling,0,74,2,20753,1.0,,1.0
SCBC_YAP1,SCBC_YAP1,q<0.05 & logFC>0.5,Chemokine_signaling,0,186,2,20753,1.0,,1.0
SCBC_YAP1,SCBC_YAP1,q<0.05 & logFC>0.5,Cytokine_receptor_interaction,0,289,2,20753,1.0,,1.0
SCBC_YAP1,SCBC_YAP1,q<0.05 & logFC>0.5,Antigen_processing_presentation,0,69,2,20753,1.0,,1.0
SCBC_YAP1,SCBC_YAP1,q<0.05 & logFC>0.5,PDL1_PD1_checkpoint,0,86,2,20753,1.0,,1.0
SCBC_YAP1,SCBC_YAP1,q<0.05 & logFC>0.5,Pentose_phosphate_pathway,0,30,2,20753,1.0,,1.0
SCBC_YAP1,SCBC_YAP1,q<0.05 & logFC>0.5,Arachidonic_acid_metabolism,0,61,2,20753,1.0,,1.0
SCBC_YAP1,SCBC_YAP1,q<0.05 & logFC>0.5,Neuroactive_ligand_receptor,0,355,2,20753,1.0,,1.0
SCBC_YAP1,SCBC_YAP1,q<0.05 & logFC>0.5,Prostate_cancer,0,104,2,20753,1.0,,1.0
SCBC_YAP1,SCBC_YAP1,q<0.05 & logFC>0.5,Bladder_cancer,0,41,2,20753,1.0,,1.0
SCBC_YAP1,SCBC_YAP1,q<0.05 & logFC>0.5,Renal_cell_carcinoma,0,68,2,20753,1.0,,1.0
SCBC_YAP1,SCBC_YAP1,q<0.05 & logFC>0.5,Epigenetic_Regulation,0,93,2,20753,1.0,,1.0
SCBC_YAP1,SCBC_YAP1,p<0.05 & logFC>0.5,Cell_Cycle,3,158,798,20753,0.9452755503395985,CDK4; MAD1L1; PPP2R1B,0.9452755503395986
SCBC_YAP1,SCBC_YAP1,p<0.05 & logFC>0.5,Apoptosis,5,136,798,20753,0.6035124989562531,CFLAR; CTSO; DFFB; IKBKG; TUBA3D,0.9452755503395986
SCBC_YAP1,SCBC_YAP1,p<0.05 & logFC>0.5,HIF1_signaling,6,109,798,20753,0.24243478636785593,CAMK2A; EDN1; EPO; MKNK2; PRKCA; RPS6KB2,0.7409713014242421
SCBC_YAP1,SCBC_YAP1,p<0.05 & logFC>0.5,VEGF_signaling,1,58,798,20753,0.897452961273489,PRKCA,0.9452755503395986
SCBC_YAP1,SCBC_YAP1,p<0.05 & logFC>0.5,Homologous_Recombination,1,41,798,20753,0.7999596766363295,MUS81,0.9452755503395986
SCBC_YAP1,SCBC_YAP1,p<0.05 & logFC>0.5,PI3K_AKT_signaling,18,357,798,20753,0.1476983142482402,ARTN; CDK4; CREB3L2; EPO; FGF20; FGF7; IKBKG; ITGA5; LAMC1; LPAR3; MET; NTF3; PDGFD; PPP2R1B; PRKCA; RPS6KB2; SGK1; VEGFB,0.6673479494271918
SCBC_YAP1,SCBC_YAP1,p<0.05 & logFC>0.5,p53_signaling,2,74,798,20753,0.7830394251971785,CDK4; SHISA5,0.9452755503395986
SCBC_YAP1,SCBC_YAP1,p<0.05 & logFC>0.5,Chemokine_signaling,9,186,798,20753,0.2881555061094275,ARRB1; CCL1; CCL16; CCR1; CXCL12; GRK4; IKBKG; PAK1; SHC1,0.7409713014242421
SCBC_YAP1,SCBC_YAP1,p<0.05 & logFC>0.5,Cytokine_receptor_interaction,12,289,798,20753,0.43449821027792446,BMP4; BMP5; BMPR1B; CCL1; CCL16; CCR1; CXCL12; EPO; IFNK; IL18RAP; NODAL; RELL1,0.9426339603715727
SCBC_YAP1,SCBC_YAP1,p<0.05 & logFC>0.5,Antigen_processing_presentation,2,69,798,20753,0.7492636803696127,KLRC2; NFYC,0.9452755503395986
SCBC_YAP1,SCBC_YAP1,p<0.05 & logFC>0.5,PDL1_PD1_checkpoint,6,86,798,20753,0.11348153670791654,ALK; BATF2; IKBKG; MAP2K3; RPS6KB2; TIRAP,0.6673479494271918
SCBC_YAP1,SCBC_YAP1,p<0.05 & logFC>0.5,Pentose_phosphate_pathway,1,30,798,20753,0.6918508362002238,SHPK,0.9452755503395986
SCBC_YAP1,SCBC_YAP1,p<0.05 & logFC>0.5,Arachidonic_acid_metabolism,1,61,798,20753,0.9088645995700204,PTGES2,0.9452755503395986
SCBC_YAP1,SCBC_YAP1,p<0.05 & logFC>0.5,Neuroactive_ligand_receptor,19,355,798,20753,0.09284341601009258,ADORA2B; CHRNA6; EDN1; EDN2; EDNRB; GABRR1; GALR2; GLP2R; GRID1; GRM3; GRPR; HRH3; INSL5; LPAR3; OXTR; P2RX5; PTH1R; S1PR3; TACR1,0.6673479494271918
SCBC_YAP1,SCBC_YAP1,p<0.05 & logFC>0.5,Prostate_cancer,4,104,798,20753,0.5706564107432468,CREB3L2; IKBKG; PDGFD; SRD5A2,0.9452755503395986
SCBC_YAP1,SCBC_YAP1,p<0.05 & logFC>0.5,Bladder_cancer,2,41,798,20753,0.47131698018578627,CDK4; MMP1,0.9426339603715727
SCBC_YAP1,SCBC_YAP1,p<0.05 & logFC>0.5,Renal_cell_carcinoma,4,68,798,20753,0.26536259609597923,FLCN; MET; PAK1; RAPGEF1,0.7409713014242421
SCBC_YAP1,SCBC_YAP1,p<0.05 & logFC>0.5,Epigenetic_Regulation,6,93,798,20753,0.14829954431715373,BRD9; CBX8; DPF2; HDAC9; KAT5; RING1,0.6673479494271918
NEPC_CXCR7,NEPC_CXCR7,q<0.05 & logFC>0.5,Cell_Cycle,2,144,454,12570,0.9686475070869236,CDK7; CDKN2B,1.0
NEPC_CXCR7,NEPC_CXCR7,q<0.05 & logFC>0.5,Apoptosis,8,108,454,12570,0.041609189553610426,CASP8; CTSO; EIF2AK3; JUN; MAP3K14; PIK3R2; PMAIP1; TUBA1A,0.37448270598249384
NEPC_CXCR7,NEPC_CXCR7,q<0.05 & logFC>0.5,HIF1_signaling,2,73,454,12570,0.7461550507621892,HMOX1; PIK3R2,1.0
NEPC_CXCR7,NEPC_CXCR7,q<0.05 & logFC>0.5,VEGF_signaling,2,43,454,12570,0.46341240120208993,HSPB1; PIK3R2,0.8341423221637619
NEPC_CXCR7,NEPC_CXCR7,q<0.05 & logFC>0.5,Homologous_Recombination,0,36,454,12570,1.0,,1.0
NEPC_CXCR7,NEPC_CXCR7,q<0.05 & logFC>0.5,PI3K_AKT_signaling,6,188,454,12570,0.6779668759516122,CREB3L2; FGFR1; GHR; MYB; PIK3R2; SGK1,1.0
NEPC_CXCR7,NEPC_CXCR7,q<0.05 & logFC>0.5,p53_signaling,3,66,454,12570,0.42812938719168053,CASP8; PMAIP1; SHISA5,0.8341423221637619
NEPC_CXCR7,NEPC_CXCR7,q<0.05 & logFC>0.5,Chemokine_signaling,2,95,454,12570,0.8625790021618703,PIK3R2; VAV3,1.0
NEPC_CXCR7,NEPC_CXCR7,q<0.05 & logFC>0.5,Cytokine_receptor_interaction,4,64,454,12570,0.19998597477959904,GHR; INHBB; RELL1; TNFRSF12A,0.8341423221637619
NEPC_CXCR7,NEPC_CXCR7,q<0.05 & logFC>0.5,Antigen_processing_presentation,1,31,454,12570,0.6807428742219722,TAPBP,1.0
NEPC_CXCR7,NEPC_CXCR7,q<0.05 & logFC>0.5,PDL1_PD1_checkpoint,3,65,454,12570,0.4184471715504086,JUN; MAP2K3; PIK3R2,0.8341423221637619
NEPC_CXCR7,NEPC_CXCR7,q<0.05 & logFC>0.5,Pentose_phosphate_pathway,2,23,454,12570,0.20102971031654096,H6PD; RPIA,0.8341423221637619
NEPC_CXCR7,NEPC_CXCR7,q<0.05 & logFC>0.5,Arachidonic_acid_metabolism,0,28,454,12570,1.0,,1.0
NEPC_CXCR7,NEPC_CXCR7,q<0.05 & logFC>0.5,Neuroactive_ligand_receptor,9,66,454,12570,0.0005741572134813129,ADRA2C; APLN; GABRD; GHR; GRIK2; NTSR2; P2RX2; UCN; VGF,0.010334829842663632
NEPC_CXCR7,NEPC_CXCR7,q<0.05 & logFC>0.5,Prostate_cancer,4,72,454,12570,0.26218306311902256,CREB3L2; FGFR1; LEF1; PIK3R2,0.8341423221637619
NEPC_CXCR7,NEPC_CXCR7,q<0.05 & logFC>0.5,Bladder_cancer,2,34,454,12570,0.3490527070537327,DAPK2; DAPK3,0.8341423221637619
NEPC_CXCR7,NEPC_CXCR7,q<0.05 & logFC>0.5,Renal_cell_carcinoma,3,58,454,12570,0.3494554902001823,JUN; PAK4; PIK3R2,0.8341423221637619
NEPC_CXCR7,NEPC_CXCR7,q<0.05 & logFC>0.5,Epigenetic_Regulation,2,87,454,12570,0.8274167828825973,CBX6; IDH1,1.0
NEPC_CXCR7,NEPC_CXCR7,p<0.05 & logFC>0.5,Cell_Cycle,2,144,533,12570,0.9859781455894568,CDK7; CDKN2B,1.0
NEPC_CXCR7,NEPC_CXCR7,p<0.05 & logFC>0.5,Apoptosis,8,108,533,12570,0.08785612853600935,CASP8; CTSO; EIF2AK3; JUN; MAP3K14; PIK3R2; PMAIP1; TUBA1A,0.7907051568240842
NEPC_CXCR7,NEPC_CXCR7,p<0.05 & logFC>0.5,HIF1_signaling,3,73,533,12570,0.6036670590801356,HMOX1; PGK1; PIK3R2,0.9055005886202036
NEPC_CXCR7,NEPC_CXCR7,p<0.05 & logFC>0.5,VEGF_signaling,2,43,533,12570,0.5497197042091759,HSPB1; PIK3R2,0.9055005886202036
NEPC_CXCR7,NEPC_CXCR7,p<0.05 & logFC>0.5,Homologous_Recombination,0,36,533,12570,1.0,,1.0
NEPC_CXCR7,NEPC_CXCR7,p<0.05 & logFC>0.5,PI3K_AKT_signaling,6,188,533,12570,0.8141426323825454,CREB3L2; FGFR1; GHR; MYB; PIK3R2; SGK1,0.9769711588590544
NEPC_CXCR7,NEPC_CXCR7,p<0.05 & logFC>0.5,p53_signaling,4,66,533,12570,0.30657884066263746,CASP8; PERP; PMAIP1; SHISA5,0.9055005886202036
NEPC_CXCR7,NEPC_CXCR7,p<0.05 & logFC>0.5,Chemokine_signaling,4,95,533,12570,0.5770983021285723,CXCL16; GRK2; PIK3R2; VAV3,0.9055005886202036
NEPC_CXCR7,NEPC_CXCR7,p<0.05 & logFC>0.5,Cytokine_receptor_interaction,5,64,533,12570,0.13440651909608833,CXCL16; GHR; INHBB; RELL1; TNFRSF12A,0.8064391145765301
NEPC_CXCR7,NEPC_CXCR7,p<0.05 & logFC>0.5,Antigen_processing_presentation,1,31,533,12570,0.7394087107954734,TAPBP,0.9506683424513229
NEPC_CXCR7,NEPC_CXCR7,p<0.05 & logFC>0.5,PDL1_PD1_checkpoint,3,65,533,12570,0.5244454220804684,JUN; MAP2K3; PIK3R2,0.9055005886202036
NEPC_CXCR7,NEPC_CXCR7,p<0.05 & logFC>0.5,Pentose_phosphate_pathway,2,23,533,12570,0.2548586833403018,H6PD; RPIA,0.9055005886202036
NEPC_CXCR7,NEPC_CXCR7,p<0.05 & logFC>0.5,Arachidonic_acid_metabolism,0,28,533,12570,1.0,,1.0
NEPC_CXCR7,NEPC_CXCR7,p<0.05 & logFC>0.5,Neuroactive_ligand_receptor,9,66,533,12570,0.0017756571211285572,ADRA2C; APLN; GABRD; GHR; GRIK2; NTSR2; P2RX2; UCN; VGF,0.03196182818031403
NEPC_CXCR7,NEPC_CXCR7,p<0.05 & logFC>0.5,Prostate_cancer,5,72,533,12570,0.18965352039446848,CREB3L2; FGFR1; LEF1; PIK3R2; SPINT1,0.8534408417751081
NEPC_CXCR7,NEPC_CXCR7,p<0.05 & logFC>0.5,Bladder_cancer,2,34,533,12570,0.42591384159933615,DAPK2; DAPK3,0.9055005886202036
NEPC_CXCR7,NEPC_CXCR7,p<0.05 & logFC>0.5,Renal_cell_carcinoma,3,58,533,12570,0.448536452679527,JUN; PAK4; PIK3R2,0.9055005886202036
NEPC_CXCR7,NEPC_CXCR7,p<0.05 & logFC>0.5,Epigenetic_Regulation,3,87,533,12570,0.7199048347094552,CBX6; IDH1; IDH2,0.9506683424513229
NEPC_DECITABINE,NEPC_DECITABINE,q<0.05 & logFC>0.5,Cell_Cycle,0,0,1974,14835,1.0,,1.0
NEPC_DECITABINE,NEPC_DECITABINE,q<0.05 & logFC>0.5,Apoptosis,0,0,1974,14835,1.0,,1.0
NEPC_DECITABINE,NEPC_DECITABINE,q<0.05 & logFC>0.5,HIF1_signaling,0,0,1974,14835,1.0,,1.0
NEPC_DECITABINE,NEPC_DECITABINE,q<0.05 & logFC>0.5,VEGF_signaling,0,0,1974,14835,1.0,,1.0
NEPC_DECITABINE,NEPC_DECITABINE,q<0.05 & logFC>0.5,Homologous_Recombination,0,0,1974,14835,1.0,,1.0
NEPC_DECITABINE,NEPC_DECITABINE,q<0.05 & logFC>0.5,PI3K_AKT_signaling,0,0,1974,14835,1.0,,1.0
NEPC_DECITABINE,NEPC_DECITABINE,q<0.05 & logFC>0.5,p53_signaling,0,0,1974,14835,1.0,,1.0
NEPC_DECITABINE,NEPC_DECITABINE,q<0.05 & logFC>0.5,Chemokine_signaling,0,0,1974,14835,1.0,,1.0
NEPC_DECITABINE,NEPC_DECITABINE,q<0.05 & logFC>0.5,Cytokine_receptor_interaction,0,0,1974,14835,1.0,,1.0
NEPC_DECITABINE,NEPC_DECITABINE,q<0.05 & logFC>0.5,Antigen_processing_presentation,0,0,1974,14835,1.0,,1.0
NEPC_DECITABINE,NEPC_DECITABINE,q<0.05 & logFC>0.5,PDL1_PD1_checkpoint,0,0,1974,14835,1.0,,1.0
NEPC_DECITABINE,NEPC_DECITABINE,q<0.05 & logFC>0.5,Pentose_phosphate_pathway,0,0,1974,14835,1.0,,1.0
NEPC_DECITABINE,NEPC_DECITABINE,q<0.05 & logFC>0.5,Arachidonic_acid_metabolism,0,0,1974,14835,1.0,,1.0
NEPC_DECITABINE,NEPC_DECITABINE,q<0.05 & logFC>0.5,Neuroactive_ligand_receptor,0,0,1974,14835,1.0,,1.0
NEPC_DECITABINE,NEPC_DECITABINE,q<0.05 & logFC>0.5,Prostate_cancer,0,0,1974,14835,1.0,,1.0
NEPC_DECITABINE,NEPC_DECITABINE,q<0.05 & logFC>0.5,Bladder_cancer,0,0,1974,14835,1.0,,1.0
NEPC_DECITABINE,NEPC_DECITABINE,q<0.05 & logFC>0.5,Renal_cell_carcinoma,0,0,1974,14835,1.0,,1.0
NEPC_DECITABINE,NEPC_DECITABINE,q<0.05 & logFC>0.5,Epigenetic_Regulation,0,0,1974,14835,1.0,,1.0
NEPC_DECITABINE,NEPC_DECITABINE,p<0.05 & logFC>0.5,Cell_Cycle,0,0,2237,14835,1.0,,1.0
NEPC_DECITABINE,NEPC_DECITABINE,p<0.05 & logFC>0.5,Apoptosis,0,0,2237,14835,1.0,,1.0
NEPC_DECITABINE,NEPC_DECITABINE,p<0.05 & logFC>0.5,HIF1_signaling,0,0,2237,14835,1.0,,1.0
NEPC_DECITABINE,NEPC_DECITABINE,p<0.05 & logFC>0.5,VEGF_signaling,0,0,2237,14835,1.0,,1.0
NEPC_DECITABINE,NEPC_DECITABINE,p<0.05 & logFC>0.5,Homologous_Recombination,0,0,2237,14835,1.0,,1.0
NEPC_DECITABINE,NEPC_DECITABINE,p<0.05 & logFC>0.5,PI3K_AKT_signaling,0,0,2237,14835,1.0,,1.0
NEPC_DECITABINE,NEPC_DECITABINE,p<0.05 & logFC>0.5,p53_signaling,0,0,2237,14835,1.0,,1.0
NEPC_DECITABINE,NEPC_DECITABINE,p<0.05 & logFC>0.5,Chemokine_signaling,0,0,2237,14835,1.0,,1.0
NEPC_DECITABINE,NEPC_DECITABINE,p<0.05 & logFC>0.5,Cytokine_receptor_interaction,0,0,2237,14835,1.0,,1.0
NEPC_DECITABINE,NEPC_DECITABINE,p<0.05 & logFC>0.5,Antigen_processing_presentation,0,0,2237,14835,1.0,,1.0
NEPC_DECITABINE,NEPC_DECITABINE,p<0.05 & logFC>0.5,PDL1_PD1_checkpoint,0,0,2237,14835,1.0,,1.0
NEPC_DECITABINE,NEPC_DECITABINE,p<0.05 & logFC>0.5,Pentose_phosphate_pathway,0,0,2237,14835,1.0,,1.0
NEPC_DECITABINE,NEPC_DECITABINE,p<0.05 & logFC>0.5,Arachidonic_acid_metabolism,0,0,2237,14835,1.0,,1.0
NEPC_DECITABINE,NEPC_DECITABINE,p<0.05 & logFC>0.5,Neuroactive_ligand_receptor,0,0,2237,14835,1.0,,1.0
NEPC_DECITABINE,NEPC_DECITABINE,p<0.05 & logFC>0.5,Prostate_cancer,0,0,2237,14835,1.0,,1.0
NEPC_DECITABINE,NEPC_DECITABINE,p<0.05 & logFC>0.5,Bladder_cancer,0,0,2237,14835,1.0,,1.0
NEPC_DECITABINE,NEPC_DECITABINE,p<0.05 & logFC>0.5,Renal_cell_carcinoma,0,0,2237,14835,1.0,,1.0
NEPC_DECITABINE,NEPC_DECITABINE,p<0.05 & logFC>0.5,Epigenetic_Regulation,0,0,2237,14835,1.0,,1.0
NEPC_DNMT,NEPC_DNMT,q<0.05 & logFC>0.5,Cell_Cycle,0,0,1722,13858,1.0,,1.0
NEPC_DNMT,NEPC_DNMT,q<0.05 & logFC>0.5,Apoptosis,0,0,1722,13858,1.0,,1.0
NEPC_DNMT,NEPC_DNMT,q<0.05 & logFC>0.5,HIF1_signaling,0,0,1722,13858,1.0,,1.0
NEPC_DNMT,NEPC_DNMT,q<0.05 & logFC>0.5,VEGF_signaling,0,0,1722,13858,1.0,,1.0
NEPC_DNMT,NEPC_DNMT,q<0.05 & logFC>0.5,Homologous_Recombination,0,0,1722,13858,1.0,,1.0
NEPC_DNMT,NEPC_DNMT,q<0.05 & logFC>0.5,PI3K_AKT_signaling,0,0,1722,13858,1.0,,1.0
NEPC_DNMT,NEPC_DNMT,q<0.05 & logFC>0.5,p53_signaling,0,0,1722,13858,1.0,,1.0
NEPC_DNMT,NEPC_DNMT,q<0.05 & logFC>0.5,Chemokine_signaling,0,0,1722,13858,1.0,,1.0
NEPC_DNMT,NEPC_DNMT,q<0.05 & logFC>0.5,Cytokine_receptor_interaction,0,0,1722,13858,1.0,,1.0
NEPC_DNMT,NEPC_DNMT,q<0.05 & logFC>0.5,Antigen_processing_presentation,0,0,1722,13858,1.0,,1.0
NEPC_DNMT,NEPC_DNMT,q<0.05 & logFC>0.5,PDL1_PD1_checkpoint,0,0,1722,13858,1.0,,1.0
NEPC_DNMT,NEPC_DNMT,q<0.05 & logFC>0.5,Pentose_phosphate_pathway,0,0,1722,13858,1.0,,1.0
NEPC_DNMT,NEPC_DNMT,q<0.05 & logFC>0.5,Arachidonic_acid_metabolism,0,0,1722,13858,1.0,,1.0
NEPC_DNMT,NEPC_DNMT,q<0.05 & logFC>0.5,Neuroactive_ligand_receptor,0,0,1722,13858,1.0,,1.0
NEPC_DNMT,NEPC_DNMT,q<0.05 & logFC>0.5,Prostate_cancer,0,0,1722,13858,1.0,,1.0
NEPC_DNMT,NEPC_DNMT,q<0.05 & logFC>0.5,Bladder_cancer,0,0,1722,13858,1.0,,1.0
NEPC_DNMT,NEPC_DNMT,q<0.05 & logFC>0.5,Renal_cell_carcinoma,0,0,1722,13858,1.0,,1.0
NEPC_DNMT,NEPC_DNMT,q<0.05 & logFC>0.5,Epigenetic_Regulation,0,0,1722,13858,1.0,,1.0
NEPC_DNMT,NEPC_DNMT,p<0.05 & logFC>0.5,Cell_Cycle,0,0,1825,13858,1.0,,1.0
NEPC_DNMT,NEPC_DNMT,p<0.05 & logFC>0.5,Apoptosis,0,0,1825,13858,1.0,,1.0
NEPC_DNMT,NEPC_DNMT,p<0.05 & logFC>0.5,HIF1_signaling,0,0,1825,13858,1.0,,1.0
NEPC_DNMT,NEPC_DNMT,p<0.05 & logFC>0.5,VEGF_signaling,0,0,1825,13858,1.0,,1.0
NEPC_DNMT,NEPC_DNMT,p<0.05 & logFC>0.5,Homologous_Recombination,0,0,1825,13858,1.0,,1.0
NEPC_DNMT,NEPC_DNMT,p<0.05 & logFC>0.5,PI3K_AKT_signaling,0,0,1825,13858,1.0,,1.0
NEPC_DNMT,NEPC_DNMT,p<0.05 & logFC>0.5,p53_signaling,0,0,1825,13858,1.0,,1.0
NEPC_DNMT,NEPC_DNMT,p<0.05 & logFC>0.5,Chemokine_signaling,0,0,1825,13858,1.0,,1.0
NEPC_DNMT,NEPC_DNMT,p<0.05 & logFC>0.5,Cytokine_receptor_interaction,0,0,1825,13858,1.0,,1.0
NEPC_DNMT,NEPC_DNMT,p<0.05 & logFC>0.5,Antigen_processing_presentation,0,0,1825,13858,1.0,,1.0
NEPC_DNMT,NEPC_DNMT,p<0.05 & logFC>0.5,PDL1_PD1_checkpoint,0,0,1825,13858,1.0,,1.0
NEPC_DNMT,NEPC_DNMT,p<0.05 & logFC>0.5,Pentose_phosphate_pathway,0,0,1825,13858,1.0,,1.0
NEPC_DNMT,NEPC_DNMT,p<0.05 & logFC>0.5,Arachidonic_acid_metabolism,0,0,1825,13858,1.0,,1.0
NEPC_DNMT,NEPC_DNMT,p<0.05 & logFC>0.5,Neuroactive_ligand_receptor,0,0,1825,13858,1.0,,1.0
NEPC_DNMT,NEPC_DNMT,p<0.05 & logFC>0.5,Prostate_cancer,0,0,1825,13858,1.0,,1.0
NEPC_DNMT,NEPC_DNMT,p<0.05 & logFC>0.5,Bladder_cancer,0,0,1825,13858,1.0,,1.0
NEPC_DNMT,NEPC_DNMT,p<0.05 & logFC>0.5,Renal_cell_carcinoma,0,0,1825,13858,1.0,,1.0
NEPC_DNMT,NEPC_DNMT,p<0.05 & logFC>0.5,Epigenetic_Regulation,0,0,1825,13858,1.0,,1.0
MIBC,MIBC_KINOME,q<0.05 & logFC>0.5,Cell_Cycle,13,19,141,488,0.00031302902470614543,ATR; AURKB; BUB1; BUB1B; CDC7; CDK1; CDK2; CHEK1; CHEK2; PKMYT1; PLK1; PRKDC; TTK,0.005634522444710618
MIBC,MIBC_KINOME,q<0.05 & logFC>0.5,Apoptosis,1,19,141,488,0.9986741377675846,EIF2AK3,1.0
MIBC,MIBC_KINOME,q<0.05 & logFC>0.5,HIF1_signaling,4,27,141,488,0.9763214763649717,ERBB2; PDK1; PGK1; RPS6KB2,1.0
MIBC,MIBC_KINOME,q<0.05 & logFC>0.5,VEGF_signaling,1,19,141,488,0.9986741377675846,MAPK13,1.0
MIBC,MIBC_KINOME,q<0.05 & logFC>0.5,Homologous_Recombination,0,0,141,488,1.0,,1.0
MIBC,MIBC_KINOME,q<0.05 & logFC>0.5,PI3K_AKT_signaling,8,54,141,488,0.9967685728912165,CDK2; EPHA2; ERBB2; ERBB3; FGFR3; MET; RPS6KB2; SYK,1.0
MIBC,MIBC_KINOME,q<0.05 & logFC>0.5,p53_signaling,5,7,141,488,0.023587292089449433,ATR; CDK1; CDK2; CHEK1; CHEK2,0.2122856288050449
MIBC,MIBC_KINOME,q<0.05 & logFC>0.5,Chemokine_signaling,4,35,141,488,0.9972218621209616,FGR; GRK2; PRKCZ; PTK2B,1.0
MIBC,MIBC_KINOME,q<0.05 & logFC>0.5,Cytokine_receptor_interaction,3,13,141,488,0.7759645342268404,ACVR1B; ACVR2B; BMPR1B,1.0
MIBC,MIBC_KINOME,q<0.05 & logFC>0.5,Antigen_processing_presentation,0,0,141,488,1.0,,1.0
MIBC,MIBC_KINOME,q<0.05 & logFC>0.5,PDL1_PD1_checkpoint,3,28,141,488,0.995587804862914,MAP2K6; MAPK13; RPS6KB2,1.0
MIBC,MIBC_KINOME,q<0.05 & logFC>0.5,Pentose_phosphate_pathway,0,1,141,488,1.0,,1.0
MIBC,MIBC_KINOME,q<0.05 & logFC>0.5,Arachidonic_acid_metabolism,0,0,141,488,1.0,,1.0
MIBC,MIBC_KINOME,q<0.05 & logFC>0.5,Neuroactive_ligand_receptor,0,0,141,488,1.0,,1.0
MIBC,MIBC_KINOME,q<0.05 & logFC>0.5,Prostate_cancer,2,23,141,488,0.9965370920383472,CDK2; ERBB2,1.0
MIBC,MIBC_KINOME,q<0.05 & logFC>0.5,Bladder_cancer,2,16,141,488,0.9699497893887414,ERBB2; FGFR3,1.0
MIBC,MIBC_KINOME,q<0.05 & logFC>0.5,Renal_cell_carcinoma,3,16,141,488,0.8873521930722365,MET; PAK4; PAK6,1.0
MIBC,MIBC_KINOME,q<0.05 & logFC>0.5,Epigenetic_Regulation,0,4,141,488,1.0,,1.0
MIBC,MIBC_KINOME,p<0.05 & logFC>0.5,Cell_Cycle,14,19,162,488,0.0002776636735367561,ATR; AURKB; BUB1; BUB1B; CDC7; CDK1; CDK2; CDK4; CHEK1; CHEK2; PKMYT1; PLK1; PRKDC; TTK,0.004997946123661609
MIBC,MIBC_KINOME,p<0.05 & logFC>0.5,Apoptosis,3,19,162,488,0.977332216236972,EIF2AK3; IKBKB; MAP2K2,1.0
MIBC,MIBC_KINOME,p<0.05 & logFC>0.5,HIF1_signaling,6,27,162,488,0.93165440735473,ERBB2; MAP2K2; MTOR; PDK1; PGK1; RPS6KB2,1.0
MIBC,MIBC_KINOME,p<0.05 & logFC>0.5,VEGF_signaling,3,19,162,488,0.977332216236972,MAP2K2; MAPK13; MAPKAPK3,1.0
MIBC,MIBC_KINOME,p<0.05 & logFC>0.5,Homologous_Recombination,0,0,162,488,1.0,,1.0
MIBC,MIBC_KINOME,p<0.05 & logFC>0.5,PI3K_AKT_signaling,13,54,162,488,0.9547499584714596,CDK2; CDK4; EPHA2; ERBB2; ERBB3; FGFR3; IKBKB; MAP2K2; MET; MTOR; PKN3; RPS6KB2; SYK,1.0
MIBC,MIBC_KINOME,p<0.05 & logFC>0.5,p53_signaling,6,7,162,488,0.006357437751236892,ATR; CDK1; CDK2; CDK4; CHEK1; CHEK2,0.05721693976113203
MIBC,MIBC_KINOME,p<0.05 & logFC>0.5,Chemokine_signaling,8,35,162,488,0.9414058954211695,FGR; GRK2; GRK3; GRK6; GSK3A; IKBKB; PRKCZ; PTK2B,1.0
MIBC,MIBC_KINOME,p<0.05 & logFC>0.5,Cytokine_receptor_interaction,3,13,162,488,0.8624288372683047,ACVR1B; ACVR2B; BMPR1B,1.0
MIBC,MIBC_KINOME,p<0.05 & logFC>0.5,Antigen_processing_presentation,0,0,162,488,1.0,,1.0
MIBC,MIBC_KINOME,p<0.05 & logFC>0.5,PDL1_PD1_checkpoint,6,28,162,488,0.9463318947253705,IKBKB; MAP2K2; MAP2K6; MAPK13; MTOR; RPS6KB2,1.0
MIBC,MIBC_KINOME,p<0.05 & logFC>0.5,Pentose_phosphate_pathway,1,1,162,488,0.33196721311475413,G6PD,1.0
MIBC,MIBC_KINOME,p<0.05 & logFC>0.5,Arachidonic_acid_metabolism,0,0,162,488,1.0,,1.0
MIBC,MIBC_KINOME,p<0.05 & logFC>0.5,Neuroactive_ligand_receptor,0,0,162,488,1.0,,1.0
MIBC,MIBC_KINOME,p<0.05 & logFC>0.5,Prostate_cancer,5,23,162,488,0.9271649181017059,CDK2; ERBB2; IKBKB; MAP2K2; MTOR,1.0
MIBC,MIBC_KINOME,p<0.05 & logFC>0.5,Bladder_cancer,4,16,162,488,0.8355243133175622,CDK4; ERBB2; FGFR3; MAP2K2,1.0
MIBC,MIBC_KINOME,p<0.05 & logFC>0.5,Renal_cell_carcinoma,4,16,162,488,0.8355243133175622,MAP2K2; MET; PAK4; PAK6,1.0
MIBC,MIBC_KINOME,p<0.05 & logFC>0.5,Epigenetic_Regulation,0,4,162,488,1.0,,1.0
ccRCC,ccRCC_METS,q<0.05 & logFC>0.5,Cell_Cycle,0,156,0,21221,1.0,,1.0
ccRCC,ccRCC_METS,q<0.05 & logFC>0.5,Apoptosis,0,129,0,21221,1.0,,1.0
ccRCC,ccRCC_METS,q<0.05 & logFC>0.5,HIF1_signaling,0,105,0,21221,1.0,,1.0
ccRCC,ccRCC_METS,q<0.05 & logFC>0.5,VEGF_signaling,0,52,0,21221,1.0,,1.0
ccRCC,ccRCC_METS,q<0.05 & logFC>0.5,Homologous_Recombination,0,40,0,21221,1.0,,1.0
ccRCC,ccRCC_METS,q<0.05 & logFC>0.5,PI3K_AKT_signaling,0,313,0,21221,1.0,,1.0
ccRCC,ccRCC_METS,q<0.05 & logFC>0.5,p53_signaling,0,72,0,21221,1.0,,1.0
ccRCC,ccRCC_METS,q<0.05 & logFC>0.5,Chemokine_signaling,0,174,0,21221,1.0,,1.0
ccRCC,ccRCC_METS,q<0.05 & logFC>0.5,Cytokine_receptor_interaction,0,233,0,21221,1.0,,1.0
ccRCC,ccRCC_METS,q<0.05 & logFC>0.5,Antigen_processing_presentation,0,68,0,21221,1.0,,1.0
ccRCC,ccRCC_METS,q<0.05 & logFC>0.5,PDL1_PD1_checkpoint,0,84,0,21221,1.0,,1.0
ccRCC,ccRCC_METS,q<0.05 & logFC>0.5,Pentose_phosphate_pathway,0,27,0,21221,1.0,,1.0
ccRCC,ccRCC_METS,q<0.05 & logFC>0.5,Arachidonic_acid_metabolism,0,48,0,21221,1.0,,1.0
ccRCC,ccRCC_METS,q<0.05 & logFC>0.5,Neuroactive_ligand_receptor,0,237,0,21221,1.0,,1.0
ccRCC,ccRCC_METS,q<0.05 & logFC>0.5,Prostate_cancer,0,100,0,21221,1.0,,1.0
ccRCC,ccRCC_METS,q<0.05 & logFC>0.5,Bladder_cancer,0,40,0,21221,1.0,,1.0
ccRCC,ccRCC_METS,q<0.05 & logFC>0.5,Renal_cell_carcinoma,0,65,0,21221,1.0,,1.0
ccRCC,ccRCC_METS,q<0.05 & logFC>0.5,Epigenetic_Regulation,0,90,0,21221,1.0,,1.0
ccRCC,ccRCC_METS,p<0.05 & logFC>0.5,Cell_Cycle,2,156,477,21221,0.8687395441538066,CDKN2C; SGO1,1.0
ccRCC,ccRCC_METS,p<0.05 & logFC>0.5,Apoptosis,0,129,477,21221,1.0,,1.0
ccRCC,ccRCC_METS,p<0.05 & logFC>0.5,HIF1_signaling,2,105,477,21221,0.686971125623328,EPO; TIMP1,1.0
ccRCC,ccRCC_METS,p<0.05 & logFC>0.5,VEGF_signaling,0,52,477,21221,1.0,,1.0
ccRCC,ccRCC_METS,p<0.05 & logFC>0.5,Homologous_Recombination,1,40,477,21221,0.597562156693088,POLD4,1.0
ccRCC,ccRCC_METS,p<0.05 & logFC>0.5,PI3K_AKT_signaling,9,313,477,21221,0.2731277518290276,COL6A6; COL9A3; EFNA5; EPO; ITGB4; LAMB3; LPAR2; PGF; PIK3R6,1.0
ccRCC,ccRCC_METS,p<0.05 & logFC>0.5,p53_signaling,1,72,477,21221,0.8059499173164841,STEAP3,1.0
ccRCC,ccRCC_METS,p<0.05 & logFC>0.5,Chemokine_signaling,1,174,477,21221,0.981167135109544,PIK3R6,1.0
ccRCC,ccRCC_METS,p<0.05 & logFC>0.5,Cytokine_receptor_interaction,7,233,477,21221,0.27127025680503486,EPO; IL1R2; IL22RA1; TNFRSF17; TNFRSF18; TNFRSF4; TNFRSF8,1.0
ccRCC,ccRCC_METS,p<0.05 & logFC>0.5,Antigen_processing_presentation,0,68,477,21221,1.0,,1.0
ccRCC,ccRCC_METS,p<0.05 & logFC>0.5,PDL1_PD1_checkpoint,0,84,477,21221,1.0,,1.0
ccRCC,ccRCC_METS,p<0.05 & logFC>0.5,Pentose_phosphate_pathway,0,27,477,21221,1.0,,1.0
ccRCC,ccRCC_METS,p<0.05 & logFC>0.5,Arachidonic_acid_metabolism,1,48,477,21221,0.6646116499977319,PLB1,1.0
ccRCC,ccRCC_METS,p<0.05 & logFC>0.5,Neuroactive_ligand_receptor,5,237,477,21221,0.6186041235894377,FPR1; GRIN2D; LPAR2; OPRL1; UTS2,1.0
ccRCC,ccRCC_METS,p<0.05 & logFC>0.5,Prostate_cancer,2,100,477,21221,0.6609834658994933,IL1R2; MMP9,1.0
ccRCC,ccRCC_METS,p<0.05 & logFC>0.5,Bladder_cancer,2,40,477,21221,0.2267090269999758,DAPK2; MMP9,1.0
ccRCC,ccRCC_METS,p<0.05 & logFC>0.5,Renal_cell_carcinoma,0,65,477,21221,1.0,,1.0
ccRCC,ccRCC_METS,p<0.05 & logFC>0.5,Epigenetic_Regulation,0,90,477,21221,1.0,,1.0
HLRCC,HLRCC,q<0.05 & logFC>0.5,Cell_Cycle,63,155,2189,22438,2.1467197129956515e-24,ANAPC1; ATM; AURKB; BUB1; BUB1B; BUB3; CCNA2; CCNB1; CCNB2; CCND3; CCNE1; CCNE2; CDC20; CDC25A; CDC25C; CDC27; CDC45; CDC6; CDC7; CDCA5; CDK1; CDK2; CDK4; CDKN2A; CDT1; CHEK1; CHEK2; DBF4; DDX11; E2F1; E2F2; ESCO2; ESPL1; GSK3B; MAD1L1; MAD2L1; MCM2; MCM3; MCM4; MCM6; MCM7; MDM2; MYC; NDC80; ORC1; ORC2; ORC6; PCNA; PDS5A; PKMYT1; PLK1; PRKDC; PTTG1; RAD21; RBL1; SFN; SGO1; TGFB1; TICRR; TP53; TRIP13; TTK; YWHAG,3.864095483392173e-23
HLRCC,HLRCC,q<0.05 & logFC>0.5,Apoptosis,23,134,2189,22438,0.005231789974473593,APAF1; ATM; BAX; BBC3; BCL2L1; BIRC5; CASP2; CASP8; CTSC; FAS; HRK; HTRA2; ITPR3; LMNB1; LMNB2; PARP1; PIK3R2; TNFRSF10B; TNFRSF1A; TP53; TUBA1B; TUBA3D; TUBA4A,0.018834443908104934
HLRCC,HLRCC,q<0.05 & logFC>0.5,HIF1_signaling,16,101,2189,22438,0.03529646234041774,ALDOA; EGFR; EGLN3; EIF4EBP1; ENO2; GAPDH; HK2; IL6R; LDHA; LTBR; PDK1; PFKP; PIK3R2; SLC2A1; TIMP1; VHL,0.07941704026593992
HLRCC,HLRCC,q<0.05 & logFC>0.5,VEGF_signaling,3,57,2189,22438,0.9259922102767736,HSPB1; PIK3R2; PPP3R1,0.9259922102767736
HLRCC,HLRCC,q<0.05 & logFC>0.5,Homologous_Recombination,17,40,2189,22438,6.108170988068913e-08,ATM; BLM; BRCA1; BRCA2; BRIP1; EME1; NBN; PALB2; POLD1; POLD4; RAD51; RAD51D; RAD54B; RPA2; SEM1; TOPBP1; XRCC2,3.664902592841348e-07
HLRCC,HLRCC,q<0.05 & logFC>0.5,PI3K_AKT_signaling,45,310,2189,22438,0.004497418666792352,ATF2; BCL2L1; BRCA1; CCND3; CCNE1; CCNE2; CDK2; CDK4; COL1A1; COL6A2; CREB5; DDIT4; EFNA2; EFNA3; EGFR; EIF4EBP1; FN1; G6PC3; GRB2; GSK3B; HSP90B1; IFNAR2; IL6R; IL7; ITGA3; ITGB1; ITGB3; JAK1; LAMA3; LAMC1; LPAR2; MDM2; MET; MYB; MYC; OSMR; PIK3R2; PIK3R6; PPP2R2C; RPTOR; SPP1; TGFA; TP53; VWF; YWHAG,0.018834443908104934
HLRCC,HLRCC,q<0.05 & logFC>0.5,p53_signaling,29,73,2189,22438,1.069560566641731e-11,APAF1; ATM; BAX; BBC3; BCL2L1; CASP8; CCNB1; CCNB2; CCND3; CCNE1; CCNE2; CDK1; CDK2; CDK4; CDKN2A; CHEK1; CHEK2; COP1; FAS; GTSE1; IGFBP3; MDM2; RRM2; SESN1; SFN; SHISA5; TNFRSF10B; TP53; ZMAT3,9.626045099775579e-11
HLRCC,HLRCC,q<0.05 & logFC>0.5,Chemokine_signaling,16,172,2189,22438,0.6175645045794065,ADCY3; ADCY7; CXCL16; CXCR4; CXCR5; GNAI2; GRB2; GRK6; GSK3B; LYN; PARD3; PIK3R2; PIK3R6; PLCB3; PLCB4; STAT1,0.7477631083613591
HLRCC,HLRCC,q<0.05 & logFC>0.5,Cytokine_receptor_interaction,24,219,2189,22438,0.30455708171042895,ACVR1; AMH; CSF2RA; CXCL16; CXCR4; CXCR5; EDA2R; FAS; IFNAR2; IL13RA1; IL1RAP; IL6R; IL7; IL9R; INHBB; LTBR; OSMR; RELT; TGFB1; TNFRSF10B; TNFRSF10C; TNFRSF13C; TNFRSF1A; TNFSF9,0.4568356225656434
HLRCC,HLRCC,q<0.05 & logFC>0.5,Antigen_processing_presentation,4,67,2189,22438,0.9028385868210711,PDIA3; RFXANK; TAP1; TAPBP,0.9259922102767736
HLRCC,HLRCC,q<0.05 & logFC>0.5,PDL1_PD1_checkpoint,8,87,2189,22438,0.6231359236344658,CSNK2A1; CSNK2A2; EGFR; EML4; JAK1; PIK3R2; PPP3R1; STAT1,0.7477631083613591
HLRCC,HLRCC,q<0.05 & logFC>0.5,Pentose_phosphate_pathway,7,28,2189,22438,0.015727314197825304,ALDOA; G6PD; PFKP; PGLS; RPE; TALDO1; TKT,0.04044166508012221
HLRCC,HLRCC,q<0.05 & logFC>0.5,Arachidonic_acid_metabolism,6,51,2189,22438,0.3793230076923254,AKR1C3; AKR1C8; ALOXE3; CBR3; CYP2J2; TBXAS1,0.5252164721893736
HLRCC,HLRCC,q<0.05 & logFC>0.5,Neuroactive_ligand_receptor,16,209,2189,22438,0.8764975229759613,ADORA2B; C3; CHRNA1; CHRNA5; GABRE; GLRB; GRID1; GRIN2C; HRH1; LPAR2; LTB4R; LTB4R2; OGFRL1; S1PR4; TSPO; UCN,0.9259922102767736
HLRCC,HLRCC,q<0.05 & logFC>0.5,Prostate_cancer,15,102,2189,22438,0.06995822011168337,CCNE1; CCNE2; CDK2; CREB5; E2F1; E2F2; EGFR; ETV5; GRB2; GSK3B; HSP90B1; MDM2; PIK3R2; TGFA; TP53,0.13991644022336674
HLRCC,HLRCC,q<0.05 & logFC>0.5,Bladder_cancer,9,40,2189,22438,0.013248694087966346,CDK4; CDKN2A; DAPK3; E2F1; E2F2; EGFR; MDM2; MYC; TP53,0.03974608226389904
HLRCC,HLRCC,q<0.05 & logFC>0.5,Renal_cell_carcinoma,10,67,2189,22438,0.11428075821207319,EGLN3; GRB2; MET; PAK2; PIK3R2; SLC2A1; TFE3; TGFA; TGFB1; VHL,0.18700487707430158
HLRCC,HLRCC,q<0.05 & logFC>0.5,Epigenetic_Regulation,13,90,2189,22438,0.09720460898108707,ASXL2; CBX2; DNMT1; DNMT3B; EZH2; KDM5B; KMT2A; NSD2; SETD7; SMARCC1; SMARCE1; TET3; UHRF1,0.17496829616595672
HLRCC,HLRCC,p<0.05 & logFC>0.5,Cell_Cycle,72,155,3259,22438,1.634025610231154e-21,ANAPC1; ATM; AURKB; BUB1; BUB1B; BUB3; CCNA2; CCNB1; CCNB2; CCND3; CCNE1; CCNE2; CDC20; CDC25A; CDC25C; CDC27; CDC45; CDC6; CDC7; CDCA5; CDK1; CDK2; CDK4; CDKN2A; CDKN2B; CDKN2C; CDT1; CHEK1; CHEK2; DBF4; DDX11; E2F1; E2F2; E2F5; ESCO2; ESPL1; GSK3B; MAD1L1; MAD2L1; MAD2L2; MCM2; MCM3; MCM4; MCM5; MCM6; MCM7; MDM2; MTBP; MYC; NDC80; ORC1; ORC2; ORC5; ORC6; PCNA; PDS5A; PKMYT1; PLK1; PRKDC; PTTG1; RAD21; RB1; RBL1; SFN; SGO1; SMC3; TGFB1; TICRR; TP53; TRIP13; TTK; YWHAG,2.941246098416077e-20
HLRCC,HLRCC,p<0.05 & logFC>0.5,Apoptosis,30,134,3259,22438,0.009365463785765006,APAF1; ATM; BAX; BBC3; BCL2L1; BIRC5; CASP2; CASP3; CASP8; CTSC; CTSD; DFFA; FAS; HRK; HTRA2; ITPR3; LMNB1; LMNB2; NOL3; PARP1; PIK3R2; PMAIP1; TNFRSF10B; TNFRSF1A; TP53; TUBA1A; TUBA1B; TUBA1C; TUBA3D; TUBA4A,0.042144587035942524
HLRCC,HLRCC,p<0.05 & logFC>0.5,HIF1_signaling,22,101,3259,22438,0.03142952976657926,ALDOA; EGFR; EGLN3; EIF4EBP1; ENO1; ENO2; GAPDH; HK1; HK2; HKDC1; IFNGR2; IL6R; LDHA; LTBR; PDK1; PFKP; PGK1; PIK3R2; SLC2A1; TFRC; TIMP1; VHL,0.08081879082834667
HLRCC,HLRCC,p<0.05 & logFC>0.5,VEGF_signaling,3,57,3259,22438,0.9926549722231349,HSPB1; PIK3R2; PPP3R1,0.9926549722231349
HLRCC,HLRCC,p<0.05 & logFC>0.5,Homologous_Recombination,20,40,3259,22438,1.1980976210544228e-07,ATM; BLM; BRCA1; BRCA2; BRIP1; EME1; MRE11; NBN; PALB2; POLD1; POLD4; RAD51; RAD51D; RAD54B; RAD54L; RPA1; RPA2; SEM1; TOPBP1; XRCC2,7.188585726326536e-07
HLRCC,HLRCC,p<0.05 & logFC>0.5,PI3K_AKT_signaling,55,310,3259,22438,0.06485343441289422,ATF2; BCL2L1; BDNF; BRCA1; CCND3; CCNE1; CCNE2; CDK2; CDK4; COL1A1; COL4A2; COL6A2; CREB5; DDIT4; EFNA2; EFNA3; EFNA5; EGFR; EIF4EBP1; FLT3; FN1; G6PC3; GNG3; GRB2; GSK3B; GYS2; HSP90B1; IFNAR2; IL2RA; IL2RB; IL6R; IL7; ITGA3; ITGB1; ITGB3; ITGB5; JAK1; LAMA3; LAMC1; LPAR2; MDM2; MET; MYB; MYC; OSMR; PDGFC; PIK3R2; PIK3R6; PPP2R2C; RPTOR; SPP1; TGFA; TP53; VWF; YWHAG,0.145920227429012
HLRCC,HLRCC,p<0.05 & logFC>0.5,p53_signaling,36,73,3259,22438,1.929869298958962e-12,APAF1; ATM; BAX; BBC3; BCL2L1; CASP3; CASP8; CCNB1; CCNB2; CCND3; CCNE1; CCNE2; CDK1; CDK2; CDK4; CDKN2A; CHEK1; CHEK2; COP1; DDB2; FAS; GTSE1; IGFBP3; MDM2; PERP; PMAIP1; PPM1D; PPP1R13L; RRM2; SESN1; SFN; SHISA5; TNFRSF10B; TP53; ZMAT3; ZNF385A,1.7368823690630658e-11
HLRCC,HLRCC,p<0.05 & logFC>0.5,Chemokine_signaling,21,172,3259,22438,0.8347587043491813,ADCY3; ADCY7; ARRB2; CXCL16; CXCR4; CXCR5; DOCK2; GNAI2; GNG3; GRB2; GRK6; GSK3B; LYN; PARD3; PIK3R2; PIK3R6; PLCB3; PLCB4; STAT1; VAV1; XCL2,0.9875923903910462
HLRCC,HLRCC,p<0.05 & logFC>0.5,Cytokine_receptor_interaction,32,219,3259,22438,0.5147800151735256,ACVR1; AMH; CD70; CSF2RA; CXCL16; CXCR4; CXCR5; EBI3; EDA2R; FAS; IFNAR2; IFNGR2; IL13RA1; IL1RAP; IL2RA; IL2RB; IL6R; IL7; IL9R; INHBB; INHBE; LTBR; OSMR; RELT; TGFB1; TNFRSF10B; TNFRSF10C; TNFRSF13C; TNFRSF1A; TNFSF14; TNFSF9; XCL2,0.7733246297895491
HLRCC,HLRCC,p<0.05 & logFC>0.5,Antigen_processing_presentation,6,67,3259,22438,0.9373794309148098,CALR; PDIA3; PSME1; RFXANK; TAP1; TAPBP,0.9925193974392104
HLRCC,HLRCC,p<0.05 & logFC>0.5,PDL1_PD1_checkpoint,11,87,3259,22438,0.7356206400875822,CSNK2A1; CSNK2A2; CSNK2A3; EGFR; EML4; IFNGR2; JAK1; PIK3R2; PPP3R1; PTPN6; STAT1,0.9875923903910462
HLRCC,HLRCC,p<0.05 & logFC>0.5,Pentose_phosphate_pathway,9,28,3259,22438,0.014446458988667973,ALDOA; G6PD; PFKP; PGD; PGLS; RPE; RPEL1; TALDO1; TKT,0.052007252359204705
HLRCC,HLRCC,p<0.05 & logFC>0.5,Arachidonic_acid_metabolism,6,51,3259,22438,0.7698049692932233,AKR1C3; AKR1C8; ALOXE3; CBR3; CYP2J2; TBXAS1,0.9875923903910462
HLRCC,HLRCC,p<0.05 & logFC>0.5,Neuroactive_ligand_receptor,25,209,3259,22438,0.8778599025698188,ADORA1; ADORA2B; C3; CHRNA1; CHRNA3; CHRNA5; CNR1; GABRB3; GABRE; GLRB; GRID1; GRIN2C; GRM8; HRH1; LPAR2; LTB4R; LTB4R2; NPBWR1; OGFRL1; P2RY1; PAQR6; S1PR2; S1PR4; TSPO; UCN,0.9875923903910462
HLRCC,HLRCC,p<0.05 & logFC>0.5,Prostate_cancer,17,102,3259,22438,0.30856747262177076,CCNE1; CCNE2; CDK2; CREB5; E2F1; E2F2; EGFR; ETV5; GRB2; GSK3B; HSP90B1; MDM2; PDGFC; PIK3R2; RB1; TGFA; TP53,0.5554214507191874
HLRCC,HLRCC,p<0.05 & logFC>0.5,Bladder_cancer,11,40,3259,22438,0.02402308511837355,CDK4; CDKN2A; DAPK3; E2F1; E2F2; EGFR; MDM2; MYC; RB1; RPS6KA5; TP53,0.07206925535512065
HLRCC,HLRCC,p<0.05 & logFC>0.5,Renal_cell_carcinoma,10,67,3259,22438,0.5155497531930328,EGLN3; GRB2; MET; PAK2; PIK3R2; SLC2A1; TFE3; TGFA; TGFB1; VHL,0.7733246297895491
HLRCC,HLRCC,p<0.05 & logFC>0.5,Epigenetic_Regulation,18,90,3259,22438,0.0957406530841775,ASXL2; CBX2; CBX4; DNMT1; DNMT3B; EZH2; IDH1; KDM5B; KMT2A; NSD2; RNF2; SETD7; SIRT6; SMARCC1; SMARCE1; SUV39H2; TET3; UHRF1,0.191481306168355
