context,direction,rank,term,pvalue,qvalue,is_nominated_agent,n_up_genes
penile squamous cell carcinoma,reversal,1,LJP008 HA1E 24H-(-)-JQ1-10,3.376790673084046e-05,0.4666765196116565,False,3544
penile squamous cell carcinoma,reversal,2,LJP005 HEPG2 24H-pelitinib-10,0.00010936832279083505,0.4666765196116565,False,3544
penile squamous cell carcinoma,reversal,3,LJP006 PC3 24H-CGP-60474-3.33,0.00011530015857830893,0.4666765196116565,False,3544
penile squamous cell carcinoma,reversal,4,LJP005 HA1E 24H-AZD-6482-1.11,0.00012253376425275247,0.4666765196116565,False,3544
penile squamous cell carcinoma,reversal,5,LJP006 BT20 3H-geldanamycin-1.11,0.0001454823447001099,0.4666765196116565,False,3544
penile squamous cell carcinoma,reversal,6,LJP009 HEPG2 24H-ZM-447439-1.11,0.00015181807192825414,0.4666765196116565,False,3544
penile squamous cell carcinoma,reversal,7,LJP009 HEPG2 24H-GDC-0879-3.33,0.0001583802729989536,0.4666765196116565,False,3544
penile squamous cell carcinoma,reversal,8,LJP009 HA1E 24H-JWE-035-3.33,0.0001583802729989536,0.4666765196116565,False,3544
penile squamous cell carcinoma,reversal,9,LJP008 HCC515 24H-IOX2-10,0.00016496165415753146,0.4666765196116565,False,3544
penile squamous cell carcinoma,reversal,10,LJP005 SKBR3 3H-CP466722-1.11,0.00016496165415753146,0.4666765196116565,False,3544
penile squamous cell carcinoma,reversal,11,LJP008 HEPG2 24H-I-BET151-1.11,0.00022123219494869098,0.568968981372588,False,3544
penile squamous cell carcinoma,reversal,12,LJP005 A375 24H-radicicol-0.37,0.0002579807011692524,0.6081895030065126,False,3544
penile squamous cell carcinoma,reversal,13,LJP009 PC3 24H-dabrafenib-3.33,0.0002882218159789002,0.6272150133879297,False,3544
penile squamous cell carcinoma,reversal,14,LJP005 A549 24H-XMD16-144-1.11,0.0003383075475178929,0.6836228942343707,False,3544
penile squamous cell carcinoma,reversal,15,LJP006 HEPG2 24H-BI-2536-10,0.0005011893651782792,0.9452431427262346,False,3544
penile squamous cell carcinoma,reversal,16,LJP009 HT29 24H-rondual-kinase-inhibitor-10,0.0006036299766984132,0.95748225418791,False,3544
penile squamous cell carcinoma,reversal,17,LJP006 A549 24H-NVP-TAE684-0.12,0.0006139788804520877,0.95748225418791,False,3544
penile squamous cell carcinoma,reversal,18,LJP008 HT29 24H-(+)-JQ1-0.37,0.0006300397352619111,0.95748225418791,False,3544
penile squamous cell carcinoma,reversal,19,LJP006 MDAMB231 24H-A443654-0.04,0.0006491798090370312,0.95748225418791,False,3544
penile squamous cell carcinoma,reversal,20,LJP006 HME1 24H-withaferin-a-0.37,0.0006804034368665897,0.95748225418791,False,3544
penile squamous cell carcinoma,reversal,21,LJP007 HEPG2 24H-SB-525334-0.37,0.0007750603347506554,0.95748225418791,False,3544
penile squamous cell carcinoma,reversal,22,LJP008 HEPG2 24H-NPK76-II-72-1-10,0.0008037517279764316,0.95748225418791,False,3544
penile squamous cell carcinoma,reversal,23,LJP009 HEPG2 24H-SYK-inhibitor-1.11,0.0008047076553078635,0.95748225418791,False,3544
penile squamous cell carcinoma,reversal,24,LJP006 HEPG2 24H-A443654-0.12,0.0008122861117182694,0.95748225418791,False,3544
penile squamous cell carcinoma,reversal,25,LJP007 HCC515 24H-DCC-2036-0.04,0.0009880680869245092,0.9999961384986491,False,3544
penile squamous cell carcinoma,mimicry (control),1,LJP006 HA1E 24H-alvocidib-0.37,4.842092782258925e-10,8.570350521361788e-06,False,3544
penile squamous cell carcinoma,mimicry (control),2,LJP006 HA1E 24H-JNK-9L-3.33,5.696288273145982e-10,8.570350521361788e-06,False,3544
penile squamous cell carcinoma,mimicry (control),3,LJP006 HA1E 24H-alvocidib-3.33,1.1633698868021899e-09,1.1668987754588233e-05,False,3544
penile squamous cell carcinoma,mimicry (control),4,LJP006 HA1E 24H-alvocidib-1.11,1.9569118549185323e-09,1.472135865658839e-05,False,3544
penile squamous cell carcinoma,mimicry (control),5,LJP006 HA1E 24H-BMS-387032-10,4.6916405408537774e-09,2.82352311029662e-05,False,3544
penile squamous cell carcinoma,mimicry (control),6,LJP006 HA1E 24H-JNK-9L-10,1.0371330663299265e-08,5.201395183155637e-05,False,3544
penile squamous cell carcinoma,mimicry (control),7,LJP006 HA1E 24H-mitoxantrone-3.33,2.119654664335457e-08,8.202037166357515e-05,False,3544
penile squamous cell carcinoma,mimicry (control),8,LJP006 HA1E 24H-CGP-60474-3.33,2.1805954381994656e-08,8.202037166357515e-05,False,3544
penile squamous cell carcinoma,mimicry (control),9,LJP006 HA1E 24H-AT-7519-10,2.9750850367640726e-08,9.947031537918634e-05,False,3544
penile squamous cell carcinoma,mimicry (control),10,LJP006 HA1E 24H-CGP-60474-10,5.143759753968712e-08,0.0001547808747566725,False,3544
penile squamous cell carcinoma,mimicry (control),11,LJP006 HA1E 24H-CGP-60474-0.37,1.0900011678865853e-07,0.000273326876190627,False,3544
penile squamous cell carcinoma,mimicry (control),12,LJP006 HA1E 24H-CGP-60474-0.12,1.0900011678865853e-07,0.000273326876190627,False,3544
penile squamous cell carcinoma,mimicry (control),13,LJP006 HA1E 24H-BMS-387032-3.33,4.5903023246189866e-07,0.0010625137480777685,False,3544
penile squamous cell carcinoma,mimicry (control),14,LJP005 A549 24H-CGP-60474-1.11,5.414521203010327e-07,0.0011637739822841697,False,3544
penile squamous cell carcinoma,mimicry (control),15,LJP006 HA1E 24H-alvocidib-10,8.503479550309405e-07,0.0017058546876557352,False,3544
penile squamous cell carcinoma,mimicry (control),16,LJP005 A549 24H-WZ-3105-10,9.983451974464694e-07,0.001877575333522607,False,3544
penile squamous cell carcinoma,mimicry (control),17,LJP006 HA1E 24H-A443654-3.33,1.6485356058049806e-06,0.00291800499495751,False,3544
penile squamous cell carcinoma,mimicry (control),18,LJP006 PC3 24H-AT-7519-10,5.34809139257213e-06,0.00894052322743822,False,3544
penile squamous cell carcinoma,mimicry (control),19,LJP006 HA1E 24H-PF-562271-10,5.797189597551232e-06,0.009181222746311269,False,3544
penile squamous cell carcinoma,mimicry (control),20,LJP006 HCC515 24H-BMS-387032-10,6.943276356350466e-06,0.010446506441947093,False,3544
penile squamous cell carcinoma,mimicry (control),21,LJP005 BT20 3H-XMD16-144-3.33,1.713041688217455e-05,0.023744043111414922,False,3544
penile squamous cell carcinoma,mimicry (control),22,LJP006 HCC515 24H-AT-7519-10,1.7359640704899414e-05,0.023744043111414922,False,3544
penile squamous cell carcinoma,mimicry (control),23,LJP006 HA1E 24H-AT-7519-3.33,1.939978820974362e-05,0.02538082726171284,False,3544
penile squamous cell carcinoma,mimicry (control),24,LJP006 HA1E 24H-AZD-5438-10,2.1792402576876997e-05,0.027323132747533573,False,3544
penile squamous cell carcinoma,mimicry (control),25,LJP006 MCF10A 24H-AZD-5438-10,3.4649963009223024e-05,0.04170608147642121,False,3544
sarcomatoid urothelial carcinoma,reversal,1,LJP005 MCF10A 24H-AZD-8330-1.11,8.193646934370408e-13,2.0722780111677783e-08,False,1172
sarcomatoid urothelial carcinoma,reversal,2,LJP005 MCF10A 24H-PD-0325901-0.37,1.8349784287138263e-12,2.0722780111677783e-08,False,1172
sarcomatoid urothelial carcinoma,reversal,3,LJP005 MCF10A 24H-erlotinib-10,2.8366969113552285e-12,2.0722780111677783e-08,True,1172
sarcomatoid urothelial carcinoma,reversal,4,LJP005 MCF10A 24H-NU-7441-10,2.8366969113552285e-12,2.0722780111677783e-08,False,1172
sarcomatoid urothelial carcinoma,reversal,5,LJP005 MCF10A 24H-erlotinib-3.33,7.5822319791472e-12,3.639634065496556e-08,True,1172
sarcomatoid urothelial carcinoma,reversal,6,LJP006 BT20 24H-palbociclib-0.12,7.767045839024343e-12,3.639634065496556e-08,True,1172
sarcomatoid urothelial carcinoma,reversal,7,LJP005 MCF10A 24H-dovitinib-10,8.718879729809346e-12,3.639634065496556e-08,False,1172
sarcomatoid urothelial carcinoma,reversal,8,LJP006 A375 24H-palbociclib-0.37,1.1782532816222927e-11,4.3037173927856264e-08,True,1172
sarcomatoid urothelial carcinoma,reversal,9,LJP006 A375 24H-palbociclib-10,1.3731002668702224e-11,4.458151433134974e-08,True,1172
sarcomatoid urothelial carcinoma,reversal,10,LJP006 MCF10A 24H-lapatinib-10,2.061340428517868e-11,6.023442866172061e-08,False,1172
sarcomatoid urothelial carcinoma,reversal,11,LJP006 HS578T 24H-palbociclib-0.12,3.080702135199845e-11,8.183745190243152e-08,True,1172
sarcomatoid urothelial carcinoma,reversal,12,LJP006 HT29 24H-palbociclib-10,4.200199100507905e-11,9.84535005641439e-08,True,1172
sarcomatoid urothelial carcinoma,reversal,13,LJP006 HCC515 24H-PHA-793887-3.33,4.537116934201733e-11,9.84535005641439e-08,False,1172
sarcomatoid urothelial carcinoma,reversal,14,LJP006 HT29 24H-palbociclib-0.37,4.722757700818822e-11,9.84535005641439e-08,True,1172
sarcomatoid urothelial carcinoma,reversal,15,LJP006 BT20 24H-palbociclib-0.37,5.0539081772087146e-11,9.84535005641439e-08,True,1172
sarcomatoid urothelial carcinoma,reversal,16,LJP006 MCF10A 24H-gefitinib-0.37,6.680620541764441e-11,1.220090080318117e-07,False,1172
sarcomatoid urothelial carcinoma,reversal,17,LJP006 HME1 24H-palbociclib-1.11,9.953666191295739e-11,1.710918116328546e-07,True,1172
sarcomatoid urothelial carcinoma,reversal,18,LJP005 MCF10A 24H-AZD-8330-0.04,1.3150144526448212e-10,2.1347798511519068e-07,False,1172
sarcomatoid urothelial carcinoma,reversal,19,LJP006 HCC515 24H-palbociclib-3.33,1.405189180936612e-10,2.161107002955197e-07,True,1172
sarcomatoid urothelial carcinoma,reversal,20,LJP006 HT29 24H-palbociclib-1.11,1.6845665733835206e-10,2.3648839583591685e-07,True,1172
sarcomatoid urothelial carcinoma,reversal,21,LJP006 BT20 24H-palbociclib-10,1.6995504303597599e-10,2.3648839583591685e-07,True,1172
sarcomatoid urothelial carcinoma,reversal,22,LJP006 MCF10A 24H-canertinib-0.04,1.8599144820376432e-10,2.470389139982817e-07,False,1172
sarcomatoid urothelial carcinoma,reversal,23,LJP005 MCF10A 24H-trametinib-0.37,2.1759510596025075e-10,2.7644985179410816e-07,False,1172
sarcomatoid urothelial carcinoma,reversal,24,LJP005 MCF7 24H-dovitinib-10,2.3736103899187453e-10,2.8899695501589857e-07,False,1172
sarcomatoid urothelial carcinoma,reversal,25,LJP006 HME1 24H-palbociclib-10,2.473268552843156e-10,2.890855215305194e-07,True,1172
sarcomatoid urothelial carcinoma,mimicry (control),1,CPC004 A375 6H-vorinostat-10.0,3.4886680798802787e-06,0.10597178159444334,False,1172
sarcomatoid urothelial carcinoma,mimicry (control),2,CPC007 A375 24H-BRD-K84203638-10.0,1.452783405396521e-05,0.22064874361162362,False,1172
sarcomatoid urothelial carcinoma,mimicry (control),3,CPC012 PC3 24H-BRD-K81795824-10.0,4.690984548580277e-05,0.3350228255122957,False,1172
sarcomatoid urothelial carcinoma,mimicry (control),4,LJP009 HEPG2 24H-ON-01910-10,0.00010131869201262659,0.3350228255122957,False,1172
sarcomatoid urothelial carcinoma,mimicry (control),5,CPC017 A549 6H-trichostatin a-10.0,0.00010437457730205038,0.3350228255122957,False,1172
sarcomatoid urothelial carcinoma,mimicry (control),6,CPC006 A375 6H-nutlin-3-44.4,0.00011065386533327454,0.3350228255122957,False,1172
sarcomatoid urothelial carcinoma,mimicry (control),7,CPC006 A375 24H-BRD-K37865504-10.0,0.0001235902322843879,0.3350228255122957,False,1172
sarcomatoid urothelial carcinoma,mimicry (control),8,CPC008 A375 6H-BRD-K01896723-10.0,0.00013809684549030829,0.3350228255122957,False,1172
sarcomatoid urothelial carcinoma,mimicry (control),9,CPC010 MCF7 24H-itavastatin ca-10.0,0.00015862529127005475,0.3350228255122957,False,1172
sarcomatoid urothelial carcinoma,mimicry (control),10,CPC006 VCAP 24H-teniposide-1.25,0.0001690953099365928,0.3350228255122957,False,1172
sarcomatoid urothelial carcinoma,mimicry (control),11,CPC020 A549 6H-depo-medrol-10.0,0.0001690953099365928,0.3350228255122957,False,1172
sarcomatoid urothelial carcinoma,mimicry (control),12,CPC005 A375 6H-thioridazine hydrochloride-10.0,0.00017468991835601827,0.3350228255122957,False,1172
sarcomatoid urothelial carcinoma,mimicry (control),13,CPC013 VCAP 24H-s1367-10.0,0.00019266166060465326,0.3350228255122957,False,1172
sarcomatoid urothelial carcinoma,mimicry (control),14,CPC006 MCF7 24H-BRD-A36630025-0.35,0.00019842630379413476,0.3350228255122957,False,1172
sarcomatoid urothelial carcinoma,mimicry (control),15,CPC004 VCAP 6H-amsacrine-10.0,0.00020202912532654257,0.3350228255122957,False,1172
sarcomatoid urothelial carcinoma,mimicry (control),16,CPC010 PC3 24H-vorinostat-10.0,0.00020740655214775963,0.3350228255122957,False,1172
sarcomatoid urothelial carcinoma,mimicry (control),17,CPC012 PC3 24H-BRD-A19248578-10.0,0.00020890482963882242,0.3350228255122957,False,1172
sarcomatoid urothelial carcinoma,mimicry (control),18,LJP005 HT29 24H-PF-477736-10,0.00020890482963882242,0.3350228255122957,False,1172
sarcomatoid urothelial carcinoma,mimicry (control),19,CPC006 VCAP 6H-BRD-A36630025-0.35,0.00022686624139759142,0.3350228255122957,False,1172
sarcomatoid urothelial carcinoma,mimicry (control),20,CPC009 PC3 24H-BRD-A98444709-10.0,0.0002489433494760708,0.3350228255122957,False,1172
sarcomatoid urothelial carcinoma,mimicry (control),21,CPC008 A375 6H-trichostatin a-10.0,0.00025792924227769764,0.3350228255122957,False,1172
sarcomatoid urothelial carcinoma,mimicry (control),22,CPC015 A375 6H-scriptaid-10.0,0.00026120853377617075,0.3350228255122957,False,1172
sarcomatoid urothelial carcinoma,mimicry (control),23,CPC014 A549 6H-km 00927-10.0,0.00027676652729791124,0.3350228255122957,False,1172
sarcomatoid urothelial carcinoma,mimicry (control),24,CPC004 HA1E 6H-piplartine-10.0,0.00028116086270991785,0.3350228255122957,False,1172
sarcomatoid urothelial carcinoma,mimicry (control),25,CPC006 PC3 6H-auranofin-10.0,0.00028943420248849795,0.3350228255122957,False,1172
SCBC ASCL1+,reversal,1,LJP005 MDAMB231 3H-PD-184352-0.04,5.587867497795321e-07,0.009688803454427308,False,225
SCBC ASCL1+,reversal,2,LJP005 SKBR3 24H-CGP-60474-0.12,1.4904115329297909e-06,0.01123732788774457,False,225
SCBC ASCL1+,reversal,3,LJP006 LNCAP 3H-GSK-2126458-0.04,1.9599358643648782e-06,0.01123732788774457,False,225
SCBC ASCL1+,reversal,4,LJP005 SKBR3 3H-TG-101348-3.33,2.8995213718802418e-06,0.01123732788774457,False,225
SCBC ASCL1+,reversal,5,LJP005 SKBR3 24H-GSK-690693-10,3.405696670685443e-06,0.01123732788774457,False,225
SCBC ASCL1+,reversal,6,LJP006 BT20 24H-A443654-10,4.327978809459522e-06,0.01123732788774457,False,225
SCBC ASCL1+,reversal,7,LJP006 PC3 24H-radicicol-0.12,4.536668505347021e-06,0.01123732788774457,False,225
SCBC ASCL1+,reversal,8,LJP005 SKBR3 24H-CGP-60474-3.33,5.730820439133267e-06,0.012420836949266463,False,225
SCBC ASCL1+,reversal,9,LJP006 MCF7 24H-afatinib-10,8.146687382180682e-06,0.01569504583551454,False,225
SCBC ASCL1+,reversal,10,LJP006 BT20 24H-A443654-3.33,9.365685823882312e-06,0.016239162650029542,False,225
SCBC ASCL1+,reversal,11,LJP008 HT29 24H-pracinostat-10,1.0661905047701928e-05,0.016806070147463974,False,225
SCBC ASCL1+,reversal,12,LJP007 PC3 24H-DCC-2036-10,1.3644034696146323e-05,0.018422530199711636,False,225
SCBC ASCL1+,reversal,13,LJP005 SKBR3 24H-dovitinib-10,1.3812382063339942e-05,0.018422530199711636,False,225
SCBC ASCL1+,reversal,14,LJP006 LNCAP 24H-A443654-1.11,1.88375685141137e-05,0.023130118320089533,False,225
SCBC ASCL1+,reversal,15,LJP006 SKBR3 24H-JNK-9L-1.11,2.0009906845916313e-05,0.023130118320089533,False,225
SCBC ASCL1+,reversal,16,LJP005 SKBR3 24H-mitoxantrone-1.11,2.5607836931488686e-05,0.02767725098721378,False,225
SCBC ASCL1+,reversal,17,LJP009 A549 24H-ON-01910-3.33,2.7997374079019635e-05,0.02767725098721378,False,225
SCBC ASCL1+,reversal,18,LJP005 A549 24H-trametinib-3.33,2.8732367366621375e-05,0.02767725098721378,False,225
SCBC ASCL1+,reversal,19,LJP008 HEPG2 24H-iniparib-10,3.12036325122305e-05,0.028475778112082347,False,225
SCBC ASCL1+,reversal,20,LJP009 HA1E 24H-GW-5074-10,3.469826768526615e-05,0.03008166316974149,False,225
SCBC ASCL1+,reversal,21,LJP006 MCF10A 3H-WYE-125132-1.11,4.889565777559061e-05,0.039599214462540076,False,225
SCBC ASCL1+,reversal,22,LJP005 A549 24H-withaferin-a-0.04,5.075303785465595e-05,0.039599214462540076,False,225
SCBC ASCL1+,reversal,23,LJP006 A549 24H-JNK-9L-0.37,5.252793890295991e-05,0.039599214462540076,False,225
SCBC ASCL1+,reversal,24,LJP005 MCF10A 3H-geldanamycin-0.04,6.283286560955556e-05,0.04262858414435753,False,225
SCBC ASCL1+,reversal,25,LJP005 A549 24H-pelitinib-10,6.347966715972591e-05,0.04262858414435753,False,225
SCBC ASCL1+,mimicry (control),1,LJP006 A549 24H-dasatinib-0.12,8.284522438590023e-09,0.0001580935416956134,False,225
SCBC ASCL1+,mimicry (control),2,LJP007 MCF7 24H-AT7867-3.33,3.39331692138757e-08,0.000323773334054195,False,225
SCBC ASCL1+,mimicry (control),3,LJP009 PC3 24H-dasatinib-1.11,7.760383640016839e-08,0.0004936380033414711,False,225
SCBC ASCL1+,mimicry (control),4,LJP008 A549 24H-dasatinib-1.11,2.3524926147781053e-07,0.0010729531877500748,False,225
SCBC ASCL1+,mimicry (control),5,LJP006 HT29 24H-geldanamycin-10,3.0189581766227065e-07,0.0010729531877500748,False,225
SCBC ASCL1+,mimicry (control),6,LJP005 MCF7 24H-WH-4-025-1.11,3.3735361979250895e-07,0.0010729531877500748,False,225
SCBC ASCL1+,mimicry (control),7,LJP005 MCF10A 24H-radicicol-0.12,5.086215364777331e-07,0.0011697975367005843,False,225
SCBC ASCL1+,mimicry (control),8,LJP006 MCF10A 3H-PHA-793887-10,5.153347398111836e-07,0.0011697975367005843,False,225
SCBC ASCL1+,mimicry (control),9,LJP006 HME1 3H-mitoxantrone-1.11,6.554357536619408e-07,0.0011697975367005843,False,225
SCBC ASCL1+,mimicry (control),10,LJP006 LNCAP 3H-AZD-5438-3.33,6.587780572283023e-07,0.0011697975367005843,False,225
SCBC ASCL1+,mimicry (control),11,LJP005 PC3 24H-GDC-0980-3.33,6.743055548764045e-07,0.0011697975367005843,False,225
SCBC ASCL1+,mimicry (control),12,LJP007 PC3 24H-sutent-10,8.66455283419346e-07,0.001377880514457615,False,225
SCBC ASCL1+,mimicry (control),13,LJP006 SKBR3 24H-saracatinib-10,1.1741284290142962e-06,0.0017235302162215242,False,225
SCBC ASCL1+,mimicry (control),14,LJP009 PC3 24H-dasatinib-3.33,1.803571724350159e-06,0.0023848443000826147,False,225
SCBC ASCL1+,mimicry (control),15,LJP009 PC3 24H-dasatinib-0.04,1.9995550385852244e-06,0.0023848443000826147,False,225
SCBC ASCL1+,mimicry (control),16,LJP005 PC3 24H-SU-11274-10,1.9995550385852244e-06,0.0023848443000826147,False,225
SCBC ASCL1+,mimicry (control),17,LJP005 MCF7 3H-CP466722-0.12,2.2133592125281175e-06,0.00248456081486318,False,225
SCBC ASCL1+,mimicry (control),18,LJP006 HME1 3H-AZD-5438-1.11,2.66432922471944e-06,0.002740738387589341,False,225
SCBC ASCL1+,mimicry (control),19,LJP005 HCC515 24H-withaferin-a-0.04,2.8995213718802418e-06,0.002740738387589341,False,225
SCBC ASCL1+,mimicry (control),20,LJP008 PC3 24H-dasatinib-10,2.9751077133576533e-06,0.002740738387589341,False,225
SCBC ASCL1+,mimicry (control),21,LJP006 SKBR3 3H-PI-103-3.33,3.0160617376395834e-06,0.002740738387589341,False,225
SCBC ASCL1+,mimicry (control),22,LJP006 HME1 3H-CGP-60474-1.11,3.405696670685443e-06,0.0029541322530313775,False,225
SCBC ASCL1+,mimicry (control),23,LJP005 A549 24H-dasatinib-1.11,4.737701992837933e-06,0.00378089358926528,False,225
SCBC ASCL1+,mimicry (control),24,LJP006 MCF10A 24H-BI-2536-3.33,4.8414101682480455e-06,0.00378089358926528,False,225
SCBC ASCL1+,mimicry (control),25,LJP005 A549 24H-NVP-AUY922-0.37,4.953222225626578e-06,0.00378089358926528,False,225
SCBC NEUROD1+,reversal,1,LJP005 PC3 24H-CP466722-3.33,0.00014047193487328206,0.08839209943105557,False,10
SCBC NEUROD1+,reversal,2,LJP005 BT20 24H-CGP-60474-0.04,0.0001825931686229406,0.08839209943105557,False,10
SCBC NEUROD1+,reversal,3,LJP008 PC3 24H-GSK-1059615-0.37,0.00019167176285246338,0.08839209943105557,False,10
SCBC NEUROD1+,reversal,4,CPC013 VCAP 24H-BRD-K86761848-10.0,0.0002009680615243086,0.08839209943105557,False,10
SCBC NEUROD1+,reversal,5,LJP006 HS578T 24H-alvocidib-0.04,0.0002831546947100322,0.08839209943105557,False,10
SCBC NEUROD1+,reversal,6,CPC006 NCIH1836 6H-importazole-60.0,0.0004744654203814996,0.08839209943105557,False,10
SCBC NEUROD1+,reversal,7,CPC014 MCF7 6H-gr-235-10.0,0.0004999862257578379,0.08839209943105557,False,10
SCBC NEUROD1+,reversal,8,CPC007 A375 6H-BRD-K93443135-10.0,0.0005802192831152235,0.08839209943105557,False,10
SCBC NEUROD1+,reversal,9,CPC006 H1299 6H-narciclasine-10.0,0.0006791469109190254,0.08839209943105557,False,10
SCBC NEUROD1+,reversal,10,LJP005 PC3 24H-NVP-AUY922-0.37,0.0008417860041969778,0.08839209943105557,False,10
SCBC NEUROD1+,reversal,11,CPC006 HCT116 6H-auranofin-10.0,0.0009195296371531131,0.08839209943105557,False,10
SCBC NEUROD1+,reversal,12,LJP008 A549 24H-mocetinostat-0.04,0.0009997522177478497,0.08839209943105557,False,10
SCBC NEUROD1+,reversal,13,CPC009 PC3 6H-flunisolide-10.0,0.0014992947695318503,0.08839209943105557,False,10
SCBC NEUROD1+,reversal,14,LJP006 HA1E 24H-dasatinib-0.37,0.0016084465825751896,0.08839209943105557,False,10
SCBC NEUROD1+,reversal,15,CPC009 HEPG2 6H-BRD-K83670234-10.0,0.0027439466455563204,0.08839209943105557,False,10
SCBC NEUROD1+,reversal,16,LJP006 BT20 24H-QL-XII-47-0.37,0.0028802254769973324,0.08839209943105557,False,10
SCBC NEUROD1+,reversal,17,CPC009 HEPG2 6H-BRD-K79222491-10.0,0.0029147878179572105,0.08839209943105557,False,10
SCBC NEUROD1+,reversal,18,CPC006 A549 6H-dorsomorphin dihydrochloride-10.0,0.0032712037846386443,0.08839209943105557,False,10
SCBC NEUROD1+,reversal,19,LJP006 HEPG2 24H-QL-X-138-10,0.0033079210156509494,0.08839209943105557,False,10
SCBC NEUROD1+,reversal,20,CPC009 HEPG2 6H-BRD-K26304855-10.0,0.0033819400511227505,0.08839209943105557,False,10
SCBC NEUROD1+,reversal,21,CPC006 MCF7 6H-dorsomorphin dihydrochloride-10.0,0.0035703900039385323,0.08839209943105557,False,10
SCBC NEUROD1+,reversal,22,CPC007 HT29 6H-stock1s-53863-10.0,0.0039936462613403625,0.08839209943105557,False,10
SCBC NEUROD1+,reversal,23,CPC008 VCAP 24H-vu0418000-1-10.0,0.0039936462613403625,0.08839209943105557,False,10
SCBC NEUROD1+,reversal,24,CPC006 PC3 24H-lde225 (nvp-lde225)-10.0,0.0039936462613403625,0.08839209943105557,False,10
SCBC NEUROD1+,reversal,25,CPC019 HT29 6H-BRD-K71303366-10.0,0.004491844107510829,0.08839209943105557,False,10
SCBC NEUROD1+,mimicry (control),1,LJP008 HA1E 24H-PD-0325901-0.12,0.00010381978350160118,0.08419104241834185,False,10
SCBC NEUROD1+,mimicry (control),2,CPC006 HT29 24H-BRD-K00317371-10.0,0.00036641752551901487,0.08419104241834185,False,10
SCBC NEUROD1+,mimicry (control),3,CPC008 A549 6H-BRD-K08640787-10.0,0.00040532855479229646,0.08419104241834185,False,10
SCBC NEUROD1+,mimicry (control),4,CPC002 HA1E 6H-mebendazole-10.0,0.0004323414002614042,0.08419104241834185,False,10
SCBC NEUROD1+,mimicry (control),5,CPC012 HCC515 6H-BRD-K82837433-10.0,0.000804171683586709,0.08419104241834185,False,10
SCBC NEUROD1+,mimicry (control),6,CPC004 HCC515 24H-ru 24969-10.0,0.0008417860041969778,0.08419104241834185,False,10
SCBC NEUROD1+,mimicry (control),7,CPC006 SW948 6H-mln4924-11.1,0.0009195296371531131,0.08419104241834185,False,10
SCBC NEUROD1+,mimicry (control),8,LJP009 A375 24H-serdemetan-10,0.0009394884997984335,0.08419104241834185,False,10
SCBC NEUROD1+,mimicry (control),9,CPC001 HCC515 24H-lfm-a12-10.0,0.0009800325691035386,0.08419104241834185,False,10
SCBC NEUROD1+,mimicry (control),10,CPC014 SKB 24H-e3380-10.0,0.0015567588670392114,0.08419104241834185,False,10
SCBC NEUROD1+,mimicry (control),11,LJP008 HT29 24H-dasatinib-10,0.0016345963787666392,0.08419104241834185,False,10
SCBC NEUROD1+,mimicry (control),12,CPC006 SNUC4 6H-vorinostat-11.1,0.0016875070037332125,0.08419104241834185,False,10
SCBC NEUROD1+,mimicry (control),13,LJP008 A375 24H-PD-0325901-0.12,0.0022305453683866745,0.08419104241834185,False,10
SCBC NEUROD1+,mimicry (control),14,CPC018 SKB 24H-cymarin-10.0,0.0023855095888930286,0.08419104241834185,False,10
SCBC NEUROD1+,mimicry (control),15,LJP009 A549 24H-SYK-inhibitor-1.11,0.002996578172872153,0.08419104241834185,False,10
SCBC NEUROD1+,mimicry (control),16,CPC001 VCAP 6H-ro 04-5595-10.0,0.0034952242970889957,0.08419104241834185,False,10
SCBC NEUROD1+,mimicry (control),17,LJP008 A549 24H-GSK-J1-0.04,0.004491844107510829,0.08419104241834185,False,10
SCBC NEUROD1+,mimicry (control),18,LJP007 A549 24H-SB-525334-1.11,0.004491844107510829,0.08419104241834185,False,10
SCBC NEUROD1+,mimicry (control),19,CPC017 ASC 24H-digitoxin-10.0,0.005024037108783727,0.08419104241834185,False,10
SCBC NEUROD1+,mimicry (control),20,CPC004 PC3 24H-penicillin g potassium-10.0,0.006979473680213335,0.08419104241834185,False,10
SCBC NEUROD1+,mimicry (control),21,LJP008 A549 24H-GSK-461364-0.04,0.0074763281564485876,0.08419104241834185,False,10
SCBC NEUROD1+,mimicry (control),22,LJP005 BT20 3H-dasatinib-3.33,0.0074763281564485876,0.08419104241834185,False,10
SCBC NEUROD1+,mimicry (control),23,CPC008 HT29 6H-ncgc00182607-01-10.0,0.00797295899684864,0.08419104241834185,False,10
SCBC NEUROD1+,mimicry (control),24,CPC020 MCF7 6H-BRD-K35458079-10.0,0.00797295899684864,0.08419104241834185,False,10
SCBC NEUROD1+,mimicry (control),25,CPC008 PC3 24H-ncgc00185923-01-10.0,0.00846936628057759,0.08419104241834185,False,10
SCBC POU2F3+,reversal,1,CPC004 HA1E 6H-prochlorperazine edisylate-10.0,0.00047827241221250915,0.5484000500702744,False,106
SCBC POU2F3+,reversal,2,LJP008 PC3 24H-UNC0638-3.33,0.001151099141388825,0.5484000500702744,False,106
SCBC POU2F3+,reversal,3,LJP008 MCF7 24H-I-BET151-1.11,0.0013986285414222949,0.5484000500702744,False,106
SCBC POU2F3+,reversal,4,LJP008 HEPG2 24H-(+)-JQ1-0.12,0.001429405359474254,0.5484000500702744,False,106
SCBC POU2F3+,reversal,5,CPC014 A375 6H-t0513-6584-10.0,0.002793042329738444,0.5484000500702744,False,106
SCBC POU2F3+,reversal,6,CPC014 MCF7 24H-BRD-U29336476-10.0,0.0029861704691965755,0.5484000500702744,False,106
SCBC POU2F3+,reversal,7,CPC006 LOVO 6H-importazole-60.0,0.0032712695871352803,0.5484000500702744,False,106
SCBC POU2F3+,reversal,8,CPC004 PC3 24H-BRD-A75409952 (wortmannin)-10.0,0.0038244169612506795,0.5484000500702744,False,106
SCBC POU2F3+,reversal,9,CPC006 HCC515 24H-tl hras26 brd-k01877528-10.0,0.003939288502305608,0.5484000500702744,False,106
SCBC POU2F3+,reversal,10,CPC017 MCF7 6H-wr 216174-10.0,0.004486288081431594,0.5484000500702744,False,106
SCBC POU2F3+,reversal,11,CPC006 A375 24H-BRD-K41859756-10.0,0.005282855226026063,0.5484000500702744,False,106
SCBC POU2F3+,reversal,12,CPC014 PC3 24H-BRD-K25311561-10.0,0.005299930607652593,0.5484000500702744,False,106
SCBC POU2F3+,reversal,13,LJP006 MCF10A 3H-linifanib-10,0.005420729011275009,0.5484000500702744,False,106
SCBC POU2F3+,reversal,14,CPC013 MCF7 24H-BRD-K58547240-10.0,0.005998067585202097,0.5484000500702744,False,106
SCBC POU2F3+,reversal,15,CPC006 HT29 24H-tl hras26 brd-k01877528-10.0,0.0065467215206253225,0.5484000500702744,False,106
SCBC POU2F3+,reversal,16,CPC003 VCAP 24H-gamma-linolenic acid (18:3 n-6)-10.0,0.006878708422138639,0.5484000500702744,False,106
SCBC POU2F3+,reversal,17,CPC012 MCF7 24H-np-000732-10.0,0.007142105502905436,0.5484000500702744,False,106
SCBC POU2F3+,reversal,18,CPC002 PC3 6H-camptothecin-10.0,0.007709644419990715,0.5484000500702744,False,106
SCBC POU2F3+,reversal,19,CPC019 PC3 6H-BRD-A81282034-10.0,0.007709644419990715,0.5484000500702744,False,106
SCBC POU2F3+,reversal,20,CPC006 SW620 6H-BRD-K45399554-10.0,0.007709644419990715,0.5484000500702744,False,106
SCBC POU2F3+,reversal,21,CPC013 MCF7 24H-c8273-10.0,0.008172140468304272,0.5484000500702744,False,106
SCBC POU2F3+,reversal,22,CPC019 A549 6H-BRD-K24861700-10.0,0.008255170657788625,0.5484000500702744,False,106
SCBC POU2F3+,reversal,23,CPC012 A375 6H-BRD-A50388635-10.0,0.008323428116563643,0.5484000500702744,False,106
SCBC POU2F3+,reversal,24,LJP007 HEPG2 24H-idelalisib-3.33,0.008323428116563643,0.5484000500702744,False,106
SCBC POU2F3+,reversal,25,CPC019 A549 24H-BRD-K32568627-10.0,0.00854845329367052,0.5484000500702744,False,106
SCBC POU2F3+,mimicry (control),1,LJP006 SKBR3 24H-BI-2536-3.33,9.419231081309605e-05,0.532469133026432,False,106
SCBC POU2F3+,mimicry (control),2,LJP006 LNCAP 3H-BMS-387032-0.37,0.0008371366289525404,0.6334203725377533,False,106
SCBC POU2F3+,mimicry (control),3,LJP005 MDAMB231 24H-XMD16-144-1.11,0.0020892234242243235,0.6334203725377533,False,106
SCBC POU2F3+,mimicry (control),4,LJP006 HS578T 24H-AT-7519-0.37,0.002349790026547022,0.6334203725377533,False,106
SCBC POU2F3+,mimicry (control),5,CPC013 A549 6H-s1057-10.0,0.0033876519169694663,0.6334203725377533,False,106
SCBC POU2F3+,mimicry (control),6,LJP006 HS578T 3H-CGP-60474-0.37,0.0036136136089328784,0.6334203725377533,False,106
SCBC POU2F3+,mimicry (control),7,CPC006 HA1E 6H-sb 216763-10.0,0.004027920502030799,0.6334203725377533,False,106
SCBC POU2F3+,mimicry (control),8,LJP008 A375 24H-pracinostat-0.04,0.005420729011275009,0.6334203725377533,False,106
SCBC POU2F3+,mimicry (control),9,LJP006 HS578T 24H-linifanib-10,0.005952225337489096,0.6334203725377533,False,106
SCBC POU2F3+,mimicry (control),10,LJP005 MDAMB231 3H-trametinib-10,0.005998067585202097,0.6334203725377533,False,106
SCBC POU2F3+,mimicry (control),11,LJP006 MDAMB231 24H-linifanib-10,0.006751199154710029,0.6334203725377533,False,106
SCBC POU2F3+,mimicry (control),12,CPC014 SKB 24H-ac-1121-10.0,0.007117328330609233,0.6334203725377533,False,106
SCBC POU2F3+,mimicry (control),13,"CPC006 T3M10 6H-l-690,488-10.0",0.007142105502905436,0.6334203725377533,False,106
SCBC POU2F3+,mimicry (control),14,LJP005 HEPG2 24H-BYL719-10,0.007411419853296544,0.6334203725377533,False,106
SCBC POU2F3+,mimicry (control),15,LJP005 MDAMB231 3H-SB590885-0.37,0.007709644419990715,0.6334203725377533,False,106
SCBC POU2F3+,mimicry (control),16,CPC007 VCAP 24H-BRD-K60870698-10.0,0.007763444912105453,0.6334203725377533,False,106
SCBC POU2F3+,mimicry (control),17,LJP009 MCF7 24H-ZM-447439-3.33,0.008255170657788625,0.6334203725377533,False,106
SCBC POU2F3+,mimicry (control),18,LJP007 MCF7 24H-SB-216763-10,0.008323428116563643,0.6334203725377533,False,106
SCBC POU2F3+,mimicry (control),19,CPC014 A549 24H-BRD-U86922168-10.0,0.0094647763713581,0.6334203725377533,False,106
SCBC POU2F3+,mimicry (control),20,CPC015 HT29 6H-ritanserin-10.0,0.010291196696542082,0.6334203725377533,False,106
SCBC POU2F3+,mimicry (control),21,LJP007 MCF7 24H-OSI-930-1.11,0.010291196696542082,0.6334203725377533,False,106
SCBC POU2F3+,mimicry (control),22,LJP007 A549 24H-dacomitinib-0.04,0.010572067959447366,0.6334203725377533,False,106
SCBC POU2F3+,mimicry (control),23,LJP006 MDAMB231 24H-JNK-9L-0.37,0.01098847209547699,0.6334203725377533,False,106
SCBC POU2F3+,mimicry (control),24,LJP006 HS578T 3H-PF-562271-10,0.01146371853447093,0.6334203725377533,False,106
SCBC POU2F3+,mimicry (control),25,LJP006 SKBR3 3H-JNK-9L-1.11,0.01170603512032248,0.6334203725377533,False,106
HLRCC,reversal,1,LJP006 PC3 24H-NVP-TAE684-10,3.0327484457270098e-65,9.508879476732466e-61,False,2189
HLRCC,reversal,2,LJP006 LNCAP 24H-JW-7-24-1-3.33,4.162093150434293e-63,6.52491343193584e-59,False,2189
HLRCC,reversal,3,LJP006 HME1 24H-palbociclib-3.33,1.1000913752150158e-61,1.1497421659497202e-57,True,2189
HLRCC,reversal,4,LJP006 A375 24H-palbociclib-10,1.1779990185298874e-60,9.233745306746523e-57,True,2189
HLRCC,reversal,5,LJP006 HME1 24H-palbociclib-10,3.3743215090505033e-60,2.1159695318953895e-56,True,2189
HLRCC,reversal,6,LJP006 LNCAP 24H-GDC-0941-1.11,1.1798388223233061e-59,6.165444405854157e-56,False,2189
HLRCC,reversal,7,LJP005 A549 24H-dovitinib-10,3.797514592330111e-59,1.7009610361131184e-55,False,2189
HLRCC,reversal,8,LJP006 BT20 24H-palbociclib-10,6.398343672008612e-59,2.5076708436519754e-55,True,2189
HLRCC,reversal,9,LJP006 LNCAP 24H-GDC-0941-3.33,9.51348399638349e-59,3.314286413584533e-55,False,2189
HLRCC,reversal,10,LJP006 LNCAP 24H-ZSTK-474-0.37,7.421057662282874e-58,2.3267984194321724e-54,False,2189
HLRCC,reversal,11,LJP006 HS578T 24H-palbociclib-10,8.652915401186161e-58,2.4663955408071902e-54,True,2189
HLRCC,reversal,12,LJP006 LNCAP 24H-mitoxantrone-0.37,9.778007903393179e-58,2.554830498358248e-54,False,2189
HLRCC,reversal,13,LJP006 HCC515 24H-PHA-793887-3.33,2.5725188515018285e-57,6.20451969769141e-54,False,2189
HLRCC,reversal,14,LJP006 A375 24H-mitoxantrone-0.12,3.8517276877135586e-56,8.62621928004078e-53,False,2189
HLRCC,reversal,15,LJP006 LNCAP 24H-PI-103-0.37,4.496672086515554e-56,9.399243773373912e-53,False,2189
HLRCC,reversal,16,LJP006 HCC515 24H-PHA-793887-1.11,4.8821847031581205e-56,9.567251198926233e-53,False,2189
HLRCC,reversal,17,LJP005 A549 24H-torin-2-0.12,5.935680341461862e-56,1.0947489495658542e-52,False,2189
HLRCC,reversal,18,LJP006 HS578T 24H-palbociclib-0.12,1.2093281231054422e-55,2.0990233370158797e-52,True,2189
HLRCC,reversal,19,LJP006 HCC515 24H-palbociclib-1.11,1.271973062553477e-55,2.0990233370158797e-52,True,2189
HLRCC,reversal,20,LJP006 HT29 24H-palbociclib-0.37,1.3531432176878645e-55,2.1213226223692653e-52,True,2189
HLRCC,reversal,21,LJP005 A375 24H-dovitinib-1.11,2.2555439477186603e-55,3.367634520798613e-52,False,2189
HLRCC,reversal,22,LJP006 HCC515 24H-palbociclib-10,2.7420016336037377e-55,3.9078508736368904e-52,True,2189
HLRCC,reversal,23,LJP005 A375 24H-dovitinib-10,7.418591585784838e-55,1.0113153068725992e-51,False,2189
HLRCC,reversal,24,LJP005 MCF10A 24H-AZD-8330-0.12,1.3894846217962038e-54,1.8152458679915907e-51,False,2189
HLRCC,reversal,25,LJP006 MCF10A 24H-mitoxantrone-3.33,1.5387906361273193e-54,1.9298896642054388e-51,False,2189
HLRCC,mimicry (control),1,LJP006 BT20 24H-BMS-387032-0.12,2.4702354369915494e-09,7.916610528470517e-05,False,2189
HLRCC,mimicry (control),2,LJP009 HEPG2 24H-chelerythrine chloride-3.33,2.2308939152987506e-08,0.0003574784409874718,False,2189
HLRCC,mimicry (control),3,LJP008 HCC515 24H-GSK-461364-0.04,5.5443982613265444e-08,0.0005922895849299769,False,2189
HLRCC,mimicry (control),4,LJP008 A549 24H-GSK-1070916-0.37,2.06455969074836e-07,0.0015798506470954903,False,2189
HLRCC,mimicry (control),5,LJP008 HEPG2 24H-iniparib-10,2.464819406976239e-07,0.0015798506470954903,False,2189
HLRCC,mimicry (control),6,LJP006 A375 24H-torin-1-0.12,3.675839659621936e-07,0.001721473704536603,False,2189
HLRCC,mimicry (control),7,LJP008 MCF7 24H-rocilinostat-10,3.7600836032689153e-07,0.001721473704536603,False,2189
HLRCC,mimicry (control),8,LJP007 HA1E 24H-quizartinib-10,7.495140062541838e-07,0.0025693643514621326,False,2189
HLRCC,mimicry (control),9,LJP008 MCF7 24H-vorinostat-10,7.925149173775855e-07,0.0025693643514621326,False,2189
HLRCC,mimicry (control),10,LJP005 A375 24H-GDC-0980-1.11,8.017237741706603e-07,0.0025693643514621326,False,2189
HLRCC,mimicry (control),11,LJP008 HA1E 24H-belinostat-3.33,1.0178139140896047e-06,0.002965354574431241,False,2189
HLRCC,mimicry (control),12,LJP008 HCC515 24H-MK-1775-1.11,1.2499096249126044e-06,0.0033380919715999286,False,2189
HLRCC,mimicry (control),13,LJP009 HA1E 24H-CH5424802-10,1.3723527430275616e-06,0.0033831662083497914,False,2189
HLRCC,mimicry (control),14,LJP005 A549 24H-barasertib-10,1.799331413373481e-06,0.004118926652556666,False,2189
HLRCC,mimicry (control),15,LJP005 MCF7 3H-PF-477736-1.11,2.3471259529261e-06,0.005014712835958377,False,2189
HLRCC,mimicry (control),16,LJP006 LNCAP 24H-celastrol-1.11,2.5613797988689804e-06,0.005130443737134568,False,2189
HLRCC,mimicry (control),17,LJP006 SKBR3 24H-KIN001-043-3.33,3.0737459627361533e-06,0.005794553565515779,False,2189
HLRCC,mimicry (control),18,LJP008 HA1E 24H-methylstat-10,3.962675029601012e-06,0.006564695730547162,False,2189
HLRCC,mimicry (control),19,LJP006 MCF10A 24H-WYE-125132-3.33,3.97827070652931e-06,0.006564695730547162,False,2189
HLRCC,mimicry (control),20,LJP005 A375 24H-GDC-0980-0.37,4.266617115969393e-06,0.006564695730547162,False,2189
HLRCC,mimicry (control),21,LJP008 HA1E 24H-belinostat-1.11,4.3016291294773595e-06,0.006564695730547162,False,2189
HLRCC,mimicry (control),22,LJP005 A375 24H-torin-2-0.12,4.818581621536574e-06,0.007019359263954733,False,2189
HLRCC,mimicry (control),23,LJP006 SKBR3 24H-KIN001-043-1.11,6.638579719883419e-06,0.008870104687419545,False,2189
HLRCC,mimicry (control),24,LJP008 HEPG2 24H-CTB-3.33,6.716627090060039e-06,0.008870104687419545,False,2189
HLRCC,mimicry (control),25,LJP006 MCF7 3H-AZD-7762-0.37,6.919390201743903e-06,0.008870104687419545,False,2189
muscle-invasive bladder cancer,reversal,1,LJP005 HT29 24H-NVP-BEZ235-3.33,5.577283388905449e-15,1.0886299446804546e-10,False,141
muscle-invasive bladder cancer,reversal,2,LJP006 LNCAP 24H-radicicol-1.11,1.1853152767241248e-14,1.1568084443189096e-10,False,141
muscle-invasive bladder cancer,reversal,3,LJP005 A549 24H-NVP-BEZ235-1.11,5.546133196710252e-14,3.608499128886247e-10,False,141
muscle-invasive bladder cancer,reversal,4,LJP005 A549 24H-torin-2-1.11,1.0631554961445203e-13,4.1503464258489785e-10,False,141
muscle-invasive bladder cancer,reversal,5,LJP005 A549 24H-NVP-BEZ235-0.37,1.0631554961445203e-13,4.1503464258489785e-10,False,141
muscle-invasive bladder cancer,reversal,6,LJP006 LNCAP 24H-JW-7-24-1-3.33,1.5693996943321304e-13,4.774718988354078e-10,False,141
muscle-invasive bladder cancer,reversal,7,LJP005 A375 24H-dovitinib-10,1.712333260847305e-13,4.774718988354078e-10,False,141
muscle-invasive bladder cancer,reversal,8,LJP006 BT20 24H-PHA-793887-3.33,2.4137536879517296e-13,5.889257279391226e-10,False,141
muscle-invasive bladder cancer,reversal,9,LJP006 PC3 24H-NVP-TAE684-10,2.856888894543598e-13,6.195957148066277e-10,False,141
muscle-invasive bladder cancer,reversal,10,LJP005 HEPG2 24H-mitoxantrone-0.12,3.771886877769325e-13,7.362345996717947e-10,False,141
muscle-invasive bladder cancer,reversal,11,LJP005 A549 24H-torin-2-3.33,5.953154033682065e-13,9.683301131953352e-10,False,141
muscle-invasive bladder cancer,reversal,12,LJP006 LNCAP 24H-mitoxantrone-0.37,5.953154033682065e-13,9.683301131953352e-10,False,141
muscle-invasive bladder cancer,reversal,13,LJP006 LNCAP 24H-PD-173074-10,7.04318231221008e-13,9.985867633353643e-10,False,141
muscle-invasive bladder cancer,reversal,14,LJP006 LNCAP 24H-HG-6-64-01-1.11,7.162362153130334e-13,9.985867633353643e-10,False,141
muscle-invasive bladder cancer,reversal,15,LJP006 BT20 24H-palbociclib-10,9.523411187919962e-13,1.2392497531800648e-09,True,141
muscle-invasive bladder cancer,reversal,16,LJP005 A375 24H-mitoxantrone-0.12,1.1954673870613605e-12,1.4583954955031685e-09,False,141
muscle-invasive bladder cancer,reversal,17,LJP005 A375 24H-vemurafenib-3.33,1.5915540397656971e-12,1.827384900128626e-09,False,141
muscle-invasive bladder cancer,reversal,18,LJP005 A549 24H-NVP-BEZ235-3.33,2.042376221658072e-12,2.2147300816968835e-09,False,141
muscle-invasive bladder cancer,reversal,19,LJP005 A549 24H-dovitinib-10,2.6784757773118088e-12,2.7298519057323706e-09,False,141
muscle-invasive bladder cancer,reversal,20,LJP005 A549 24H-NVP-BEZ235-10,2.8275079116105086e-12,2.7298519057323706e-09,False,141
muscle-invasive bladder cancer,reversal,21,LJP005 A375 24H-GDC-0980-10,3.0768349775148395e-12,2.7298519057323706e-09,False,141
muscle-invasive bladder cancer,reversal,22,LJP006 HS578T 24H-palbociclib-3.33,3.0768349775148395e-12,2.7298519057323706e-09,True,141
muscle-invasive bladder cancer,reversal,23,LJP006 HME1 24H-palbociclib-3.33,3.3169116937805623e-12,2.7416870235151675e-09,True,141
muscle-invasive bladder cancer,reversal,24,LJP006 MDAMB231 24H-palbociclib-3.33,3.3710993680190598e-12,2.7416870235151675e-09,True,141
muscle-invasive bladder cancer,reversal,25,LJP005 HT29 24H-torin-2-10,4.0386336547314434e-12,3.1532036122681218e-09,False,141
muscle-invasive bladder cancer,mimicry (control),1,LJP006 HCC515 24H-BI-2536-0.04,8.596780039386321e-08,0.0017501324804182672,False,141
muscle-invasive bladder cancer,mimicry (control),2,CPC006 CL34 6H-bi 2536-10.0,2.1467412577517652e-06,0.017080576368228143,False,141
muscle-invasive bladder cancer,mimicry (control),3,CPC006 SKMEL28 6H-hdac6 inhibitor isox-10.0,2.5170315897772094e-06,0.017080576368228143,False,141
muscle-invasive bladder cancer,mimicry (control),4,LJP009 HCC515 24H-MLN-8054-1.11,4.440794444916616e-06,0.01877964515771013,False,141
muscle-invasive bladder cancer,mimicry (control),5,CPC006 U937 6H-BRD-K43620258-80.0,5.814588870962071e-06,0.01877964515771013,False,141
muscle-invasive bladder cancer,mimicry (control),6,CPC014 HEPG2 6H-stock1s-53863-10.0,5.9109895239610834e-06,0.01877964515771013,False,141
muscle-invasive bladder cancer,mimicry (control),7,CPC019 MCF7 6H-BRD-K93127801-10.0,6.474604652097509e-06,0.01877964515771013,False,141
muscle-invasive bladder cancer,mimicry (control),8,CPC005 HA1E 24H-e6 berbamine-10.0,7.379760352769479e-06,0.01877964515771013,False,141
muscle-invasive bladder cancer,mimicry (control),9,CPC005 MCF7 24H-lasalocid sodium-10.0,1.0504622338552375e-05,0.0220764671134466,False,141
muscle-invasive bladder cancer,mimicry (control),10,CPC012 A375 6H-mw-a1-14 brd-k32010074-10.0,1.0844123741746047e-05,0.0220764671134466,False,141
muscle-invasive bladder cancer,mimicry (control),11,CPD003 PC3 6H-trichostatin a-10.0,1.2477623711299499e-05,0.023092678501330472,False,141
muscle-invasive bladder cancer,mimicry (control),12,CPC007 A375 24H-ncgc00181921-02-10.0,1.5687146703400117e-05,0.026300609451919865,False,141
muscle-invasive bladder cancer,mimicry (control),13,CPC006 RMUGS 6H-ct-200783-10.0,1.867811343975227e-05,0.026300609451919865,False,141
muscle-invasive bladder cancer,mimicry (control),14,CPC006 A375 6H-pifithrin- ?-10.0,1.888601276840872e-05,0.026300609451919865,False,141
muscle-invasive bladder cancer,mimicry (control),15,CPC003 VCAP 24H-bifemelane hydrochloride-10.0,1.9378580498025245e-05,0.026300609451919865,False,141
muscle-invasive bladder cancer,mimicry (control),16,CPC003 HA1E 24H-clocortolone pivalate-10.0,2.1762522073024046e-05,0.027255887660266903,False,141
muscle-invasive bladder cancer,mimicry (control),17,LJP005 HS578T 24H-radicicol-1.11,2.4098928081579932e-05,0.027255887660266903,False,141
muscle-invasive bladder cancer,mimicry (control),18,LJP008 HCC515 24H-GSK-461364-0.12,2.4098928081579932e-05,0.027255887660266903,False,141
muscle-invasive bladder cancer,mimicry (control),19,CPC017 A549 24H-jak3 inhibitor vi-10.0,3.885397667560969e-05,0.04040554169014718,False,141
muscle-invasive bladder cancer,mimicry (control),20,CPC014 VCAP 6H-s1172-10.0,3.969500116921818e-05,0.04040554169014718,False,141
muscle-invasive bladder cancer,mimicry (control),21,CPC006 HT115 6H-fluspirilen-4.21,5.08381276152553e-05,0.047716854019664565,False,141
muscle-invasive bladder cancer,mimicry (control),22,CPC006 SW620 6H-mw-a1-12-10.0,5.3470101444013517e-05,0.047716854019664565,False,141
muscle-invasive bladder cancer,mimicry (control),23,CPC006 VCAP 6H-bms-754807-10.0,5.5037584426352346e-05,0.047716854019664565,False,141
muscle-invasive bladder cancer,mimicry (control),24,CPC018 PHH 24H-trichostatin a-10.0,5.625329091619754e-05,0.047716854019664565,False,141
muscle-invasive bladder cancer,mimicry (control),25,CPC018 SKB 24H-puromycin hydrochloride-10.0,6.0770374363175634e-05,0.04948653125142118,False,141
renal medullary carcinoma,reversal,1,LJP005 MCF10A 24H-NVP-AUY922-0.37,3.5305509746250936e-24,6.418188616770957e-20,False,187
renal medullary carcinoma,reversal,2,LJP006 MCF10A 3H-GDC-0941-10,1.0055026029999219e-23,9.13951590996779e-20,False,187
renal medullary carcinoma,reversal,3,LJP005 MCF10A 24H-NVP-AUY922-0.04,3.7536695777662934e-23,2.274598641807115e-19,False,187
renal medullary carcinoma,reversal,4,LJP005 MCF10A 24H-radicicol-1.11,1.1934095552354328e-22,5.423748076156233e-19,False,187
renal medullary carcinoma,reversal,5,LJP005 MCF10A 24H-NVP-AUY922-3.33,1.9789681068669973e-21,7.195132242947028e-18,False,187
renal medullary carcinoma,reversal,6,LJP006 HME1 3H-dasatinib-3.33,1.6933603018018713e-20,5.1305994877427035e-17,False,187
renal medullary carcinoma,reversal,7,LJP006 HME1 3H-WZ-4-145-10,2.3732629825526287e-20,6.163363965689177e-17,False,187
renal medullary carcinoma,reversal,8,LJP006 HME1 3H-AZD-7762-3.33,4.991319550051047e-20,1.134214976254725e-16,False,187
renal medullary carcinoma,reversal,9,LJP006 MCF10A 3H-afatinib-0.12,9.074102715635818e-20,1.8328679251949283e-16,False,187
renal medullary carcinoma,reversal,10,LJP005 MCF10A 3H-trametinib-10,1.7756656426481856e-19,2.689985476475114e-16,False,187
renal medullary carcinoma,reversal,11,LJP005 MCF10A 3H-GDC-0980-10,1.7756656426481856e-19,2.689985476475114e-16,False,187
renal medullary carcinoma,reversal,12,LJP006 MCF10A 3H-GSK-2126458-0.12,1.7756656426481856e-19,2.689985476475114e-16,False,187
renal medullary carcinoma,reversal,13,LJP006 MCF10A 3H-AZD-7762-10,2.0278461396410274e-19,2.8357088440410954e-16,False,187
renal medullary carcinoma,reversal,14,LJP005 HEPG2 24H-AZD-8330-1.11,2.832612902918156e-19,3.613874531696356e-16,False,187
renal medullary carcinoma,reversal,15,LJP006 HME1 24H-geldanamycin-1.11,2.98190868449559e-19,3.613874531696356e-16,False,187
renal medullary carcinoma,reversal,16,LJP006 MCF10A 24H-radicicol-1.11,4.623121870598379e-19,5.252733280350496e-16,False,187
renal medullary carcinoma,reversal,17,LJP006 HME1 3H-alvocidib-0.37,5.625562333378162e-19,6.015711626969506e-16,False,187
renal medullary carcinoma,reversal,18,LJP006 HME1 3H-dasatinib-10,6.073047970310255e-19,6.133441058459452e-16,False,187
renal medullary carcinoma,reversal,19,LJP006 MCF10A 3H-canertinib-1.11,1.39359898175721e-18,1.3333808362823327e-15,False,187
renal medullary carcinoma,reversal,20,LJP006 HS578T 3H-AZD-7762-10,1.6896261785638082e-18,1.5357857150055735e-15,False,187
renal medullary carcinoma,reversal,21,LJP005 HEPG2 24H-trametinib-1.11,2.0331586153262127e-18,1.760037641334058e-15,False,187
renal medullary carcinoma,reversal,22,LJP005 MCF10A 24H-geldanamycin-0.04,2.400097402240452e-18,1.983244121605872e-15,False,187
renal medullary carcinoma,reversal,23,LJP005 MCF10A 3H-pelitinib-0.37,4.26346793407874e-18,3.3698079814616265e-15,False,187
renal medullary carcinoma,reversal,24,LJP006 MCF10A 3H-gefitinib-10,6.4273792131008285e-18,4.868471946456665e-15,False,187
renal medullary carcinoma,reversal,25,LJP005 HS578T 3H-TWS-119-10,7.860459203759015e-18,5.7158115146054045e-15,False,187
renal medullary carcinoma,mimicry (control),1,LJP006 A549 24H-QL-XII-47-10,2.373610966239394e-21,4.785199707938619e-17,False,187
renal medullary carcinoma,mimicry (control),2,LJP005 A549 24H-nilotinib-10,2.2354849634579846e-19,2.2533688431656483e-15,False,187
renal medullary carcinoma,mimicry (control),3,LJP005 BT20 3H-nilotinib-10,4.285537481162382e-18,1.806305874923885e-14,False,187
renal medullary carcinoma,mimicry (control),4,LJP005 SKBR3 3H-LDN-193189-3.33,5.1307066716869485e-18,1.806305874923885e-14,False,187
renal medullary carcinoma,mimicry (control),5,LJP005 HT29 24H-LDN-193189-10,5.229341000237551e-18,1.806305874923885e-14,False,187
renal medullary carcinoma,mimicry (control),6,LJP008 A549 24H-azacitidine-10,5.375910342035373e-18,1.806305874923885e-14,True,187
renal medullary carcinoma,mimicry (control),7,LJP005 SKBR3 3H-LDN-193189-10,2.2772515871294764e-17,6.558484570932892e-14,False,187
renal medullary carcinoma,mimicry (control),8,LJP005 MDAMB231 3H-LDN-193189-10,2.003684903849332e-16,5.049285957700316e-13,False,187
renal medullary carcinoma,mimicry (control),9,LJP006 A375 24H-AZD-7762-0.12,1.2538278575466202e-15,2.8085744009044292e-12,False,187
renal medullary carcinoma,mimicry (control),10,LJP006 MDAMB231 3H-QL-XII-47-3.33,3.3271552476433856e-15,6.707544979249065e-12,False,187
renal medullary carcinoma,mimicry (control),11,LJP006 A375 24H-KIN001-043-10,5.656181825438546e-15,1.0366238690985553e-11,False,187
renal medullary carcinoma,mimicry (control),12,LJP006 HME1 3H-QL-XII-47-3.33,9.443274238831938e-15,1.5864700721237655e-11,False,187
renal medullary carcinoma,mimicry (control),13,LJP006 BT20 24H-QL-XII-47-0.12,4.0249919208059395e-14,6.241833624880595e-11,False,187
renal medullary carcinoma,mimicry (control),14,LJP006 MDAMB231 3H-QL-XII-47-10,8.561631508232193e-14,1.2328749371854359e-10,False,187
renal medullary carcinoma,mimicry (control),15,LJP006 BT20 24H-celastrol-1.11,9.829365924110172e-14,1.321066780200407e-10,False,187
renal medullary carcinoma,mimicry (control),16,LJP006 SKBR3 24H-withaferin-a-3.33,1.4306048489835388e-13,1.8025621097192587e-10,False,187
renal medullary carcinoma,mimicry (control),17,LJP006 A375 24H-AZD-7762-0.37,1.5607529191851334e-13,1.850869344163076e-10,False,187
renal medullary carcinoma,mimicry (control),18,LJP005 MCF10A 3H-LDN-193189-10,2.019568427711348e-13,2.2619166390367097e-10,False,187
renal medullary carcinoma,mimicry (control),19,LJP006 BT20 3H-QL-XII-47-3.33,2.387094498117955e-13,2.5328328990556824e-10,False,187
renal medullary carcinoma,mimicry (control),20,LJP008 PC3 24H-C646-10,3.1057351481871167e-13,3.1305810293726135e-10,False,187
renal medullary carcinoma,mimicry (control),21,LJP005 SKBR3 3H-PF-477736-10,3.393602465229476e-13,3.257858366620297e-10,False,187
renal medullary carcinoma,mimicry (control),22,LJP006 A549 24H-sorafenib-10,5.374817731628785e-13,4.925287521347105e-10,False,187
renal medullary carcinoma,mimicry (control),23,LJP005 SKBR3 24H-withaferin-a-3.33,6.571046700896055e-13,5.759665282176716e-10,False,187
renal medullary carcinoma,mimicry (control),24,LJP006 A549 24H-QL-X-138-10,7.393953200105858e-13,6.210920688088921e-10,False,187
renal medullary carcinoma,mimicry (control),25,LJP008 PC3 24H-azacitidine-3.33,2.1460671814872734e-12,1.7305885751513371e-09,True,187
