N,Context,Target,scoring_gene,arm,refit_context,E_refit,E_published,E_derivable_from_data,E_basis,refit_log2FC,refit_q,P_refit,P_published,P_basis,pathway_q,G_curated,L_curated,Total,Tier
1,NEPC,BCL2,BCL2,expression,NEPC_DECITABINE,2,2,True,"BCL2 at 88.0th percentile of 37,788 measured (NEPC_DECITABINE)",,,0,0,nan: q n/a (not enriched at q<0.1); target not in pathway set,,3,1,6,Moderate
2,NEPC,AURKA / CXCR7→AURKA axis,AURKA,de,NEPC_CXCR7,2,2,True,"AURKA log2FC -0.89, q 4.28e-05 (NEPC_CXCR7, refit)",-0.894839359572062,4.27889188812536e-05,1,2,Neuroactive_ligand_receptor: q 0.0103 (enriched at q<0.1); target not in pathway set,0.0103348298426636,1,1,5,Moderate
3,NEPC,EZH2,EZH2,expression,NEPC_DECITABINE,2,2,True,"EZH2 at 88.1th percentile of 37,788 measured (NEPC_DECITABINE)",,,1,1,Epigenetic_Regulation: q 1 (not enriched at q<0.1); target in pathway set,1.0,2,1,6,Moderate
4,NEPC,DNMT1/3A,DNMT1,de,NEPC_DNMT,3,3,True,"DNMT1 log2FC -1.11, q 9.64e-06 (NEPC_DNMT, refit)",-1.10606600269599,9.64160763598017e-06,1,1,Epigenetic_Regulation: q 1 (not enriched at q<0.1); target in pathway set,1.0,2,1,7,Strong
5,NEPC,TP53-mutated platinum-sensitive,TP53,expression,NEPC_DECITABINE,2,0,True,"TP53 at 89.9th percentile of 37,788 measured (NEPC_DECITABINE)",,,1,1,p53_signaling: q 1 (not enriched at q<0.1); target in pathway set,1.0,3,1,7,Strong
6,NEPC,PARP1/2 (HRR-mutated subset),PARP1,expression,NEPC_DECITABINE,3,3,True,"PARP1 at 98.8th percentile of 37,788 measured (NEPC_DECITABINE)",,,0,0,nan: q n/a (not enriched at q<0.1); target not in pathway set,,2,1,6,Moderate
7,MIBC / MPBC,AURKA / AURKB,AURKA,de,MIBC_KINOME,3,3,True,"AURKA log2FC +4.13, q 4.36e-10 (MIBC_KINOME, refit)",4.12972312747535,4.35559080801442e-10,1,1,Cell_Cycle: q 0.00563 (enriched at q<0.1); target not in pathway set,0.0056345224447106,1,1,6,Moderate
8,MIBC / MPBC,PARP (ERCC2/ATM/BRCA-mutated),ATM,expression,MIBC_KINOME,0,2,True,ATM at 7.7th percentile of 535 measured (MIBC_KINOME),,,0,0,nan: q n/a (not enriched at q<0.1); target not in pathway set,,2,1,3,Exploratory
9,MIBC / MPBC,PIK3CA (mutant),PIK3CA,de,MIBC_KINOME,1,1,False,PIK3CA not measured on the MIBC_KINOME platform; NOT RE-DERIVABLE - curated value retained,,,0,0,nan: q n/a (not enriched at q<0.1); target not in pathway set,,2,1,4,Moderate
10,MIBC / MPBC,FGFR2 / FGFR3,FGFR3,de,MIBC_KINOME,3,3,True,"FGFR3 log2FC +3.09, q 0.00364 (MIBC_KINOME, refit)",3.08552368374798,0.0036415867247019,0,0,nan: q n/a (not enriched at q<0.1); target not in pathway set,,2,1,6,Moderate
11,MIBC / MPBC,NECTIN-4,NECTIN4,expression,MIBC_KINOME,3,3,False,NECTIN4 not measured on the MIBC_KINOME platform; NOT RE-DERIVABLE - curated value retained,,,0,0,nan: q n/a (not enriched at q<0.1); target not in pathway set,,3,1,7,Strong
12,MIBC / MPBC,PD-1 / TMB-high,CD274,expression,MIBC_KINOME,1,1,False,CD274 not measured on the MIBC_KINOME platform; NOT RE-DERIVABLE - curated value retained,,,0,0,nan: q n/a (not enriched at q<0.1); target not in pathway set,,2,1,4,Moderate
13,MIBC / MPBC,CDK4/6 (CDKN2A-deleted),CDK4,de,MIBC_KINOME,0,1,True,"CDK4 log2FC +0.64, q 0.0625 (MIBC_KINOME, refit)",0.639521457046592,0.062471860059912,2,1,Cell_Cycle: q 0.00563 (enriched at q<0.1); target in pathway set,0.0056345224447106,2,1,5,Moderate
14,ccRCC / sRCC,VEGFR multikinase,KDR,expression,ccRCC_METS,3,3,True,"KDR at 99.5th percentile of 57,151 measured (ccRCC_METS)",,,1,1,VEGF_signaling: q 1 (not enriched at q<0.1); target in pathway set,1.0,2,1,7,Strong
15,ccRCC / sRCC,HIF2α / EPAS1,EPAS1,expression,ccRCC_METS,3,3,True,"EPAS1 at 99.9th percentile of 57,151 measured (ccRCC_METS)",,,1,1,HIF1_signaling: q 1 (not enriched at q<0.1); target in pathway set,1.0,2,1,7,Strong
16,ccRCC,CDK4/6,CDK4,expression,ccRCC_METS,2,2,True,"CDK4 at 91.9th percentile of 57,151 measured (ccRCC_METS)",,,0,0,nan: q n/a (not enriched at q<0.1); target not in pathway set,,0,0,2,Exploratory
17,RMC,CXCR1 / CXCR2 (IL-8/CXCL1/CXCL2 triad),CXCL8,de,RMC,3,3,True,"CXCL8 log2FC +2.32, q 1.37e-112 (RMC, refit)",2.31882330226163,1.37036685892139e-112,2,1,Chemokine_signaling: q 0.00252 (enriched at q<0.1); target in pathway set,0.002517266624895,3,0,8,Strong
18,RMC,EGFR (HBEGF ligand),HBEGF,de,RMC,3,3,True,"HBEGF log2FC +1.41, q 4.51e-10 (RMC, refit)",1.410420217067525,4.50997176271276e-10,1,1,Chemokine_signaling: q 0.00252 (enriched at q<0.1); target not in pathway set,0.002517266624895,3,1,8,Strong
19,RMC,CEACAM1,CEACAM1,de,RMC,3,3,True,"CEACAM1 log2FC +1.42, q 2.15e-05 (RMC, refit)",1.41931964837862,2.14691118625299e-05,1,0,Cytokine_receptor_interaction: q 0.00145 (enriched at q<0.1); target not in pathway set,0.0014507720106064,3,0,7,Strong
20,Penile SCC,PD-1 / PD-L1 (HLA-DRA / CXCL10 immune-hot phenotype),HLA-DRA,de,PSCC,3,3,True,"HLA-DRA log2FC +8.92, q 2.68e-05 (PSCC, refit)",8.92208333333334,2.67503877703762e-05,2,2,Antigen_processing_presentation: q 0.0031 (enriched at q<0.1); target in pathway set,0.0030977446108821,1,1,7,Strong
21,Penile SCC,MMP1 / MMP9,MMP1,de,PSCC,3,3,True,"MMP1 log2FC +5.98, q 0.0138 (PSCC, refit)",5.98354166666667,0.0138273534821345,1,1,Cytokine_receptor_interaction: q 0.0043 (enriched at q<0.1); target not in pathway set,0.0043019425822869,0,1,5,Moderate
22,Penile SCC,POSTN / TGFβ axis,POSTN,de,PSCC,3,3,True,"POSTN log2FC +6.26, q 0.00695 (PSCC, refit)",6.2575,0.0069450367276444,1,1,Cytokine_receptor_interaction: q 0.0043 (enriched at q<0.1); target not in pathway set,0.0043019425822869,0,1,5,Moderate
23,Sarcomatoid UC,NSD2 / WHSC1 (histone methyltransferase),NSD2,de,SarcUC,3,3,True,"NSD2 log2FC +1.26, q 1.27e-13 (SarcUC, refit)",1.25832939954587,1.26568494526104e-13,2,2,Epigenetic_Regulation: q 0.0577 (enriched at q<0.1); target in pathway set,0.0576947840477228,0,0,5,Moderate
24,Sarcomatoid UC,ATR / ATRIP (DNA damage response),ATR,de,SarcUC,0,3,True,"ATR log2FC +0.18, q 0.0831 (SarcUC, refit)",0.177482678255587,0.0830846702168365,2,1,Cell_Cycle: q 0.00176 (enriched at q<0.1); target in pathway set,0.0017581859254402,0,0,2,Exploratory
25,Sarcomatoid UC,UHRF1 (epigenetic reader),UHRF1,de,SarcUC,3,3,True,"UHRF1 log2FC +1.55, q 5.62e-12 (SarcUC, refit)",1.55189918858606,5.62298719804784e-12,2,2,Epigenetic_Regulation: q 0.0577 (enriched at q<0.1); target in pathway set,0.0576947840477228,0,1,6,Moderate
26,Sarcomatoid UC,G6PD (pentose phosphate),G6PD,de,SarcUC,3,3,True,"G6PD log2FC +1.32, q 5.29e-11 (SarcUC, refit)",1.32043672672171,5.290123186272489e-11,1,1,Pentose_phosphate_pathway: q 0.98 (not enriched at q<0.1); target in pathway set,0.9799502279628752,0,1,5,Moderate
27,Sarcomatoid UC,TROP2 (TACSTD2 DOWNREGULATED),TACSTD2,de,SarcUC,3,−3,True,"TACSTD2 log2FC -2.06, q 9.65e-19 (SarcUC, refit)",-2.06423418924647,9.64661587834248e-19,0,0,nan: q n/a (not enriched at q<0.1); target not in pathway set,,0,0,3,Exploratory
28,SCBC (ASCL1+),CEACAM5 (CEA),CEACAM5,de,SCBC_ASCL1,3,3,True,"CEACAM5 log2FC +6.45, q 0.000297 (SCBC_ASCL1, refit)",6.44545376254699,0.0002969179470215,0,0,nan: q n/a (not enriched at q<0.1); target not in pathway set,,1,1,5,Moderate
29,SCBC (NEUROD1+),SSTR2 (somatostatin receptor 2),SSTR2,de,SCBC_NEUROD1,0,3,True,"SSTR2 log2FC +2.30, q 0.363 (SCBC_NEUROD1, refit)",2.30000934882713,0.362913847252951,1,1,Neuroactive_ligand_receptor: q 1 (not enriched at q<0.1); target in pathway set,1.0,1,0,2,Exploratory
30,SCBC (POU2F3+),COX-1 / PTGS1,PTGS1,de,SCBC_POU2F3,3,3,True,"PTGS1 log2FC +3.56, q 0.0126 (SCBC_POU2F3, refit)",3.56007354527279,0.0125949838356163,2,2,Arachidonic_acid_metabolism: q 0.0677 (enriched at q<0.1); target in pathway set,0.0676751774142437,1,1,7,Strong
